Sentence,"kaya - [0: 'kayà', 1: 'kayâ', 2: 'káya']",,
"Abstrakto siya mag-isip, kaya abstrakto rin ang mga grado niya sa paaralan.",1,,"He would think, so his grades at school were abstract."
"Akala mo kaya mong gamutin ang sarili mo, 'no?",1,,"You thought you could treat yourself, no?"
"Akala nila'y importante ang opinyon ng lahat ng tao, kaya nagpropropaganda sila.",1,,"They thought everyone's opinion was important, so they were propagating."
"Akala ninyo kaya ninyong gamutin ang sarili ninyo, 'no?",2,,"Do you think you can treat yourself, no?"
Ako ay nahuli noong umaga kaya nagalit ang aking amo.,1,,I was caught in the morning so my boss got angry.
Alam ba ni Tom na di natin kaya iyan?,1,,Did Tom know that we couldn't?
Alam ko kung ano ang kaya nila.,1,,I know what they can do.
Alam ko na kaya kong gawin iyan bukas.,2,,I know I can do that tomorrow.
"Alam kong hindi naman ganoon kagaling na tagaluto si Tom, pero anak siya ng may-ari, kaya kinailangan namin siyang kunin.",1,,"I knew Tom wasn't that good cook, but he was the owner of the owner, so we had to get him."
Alam mo bang tumira nang 10 taon sa Moscow si Julia? Kung kaya napakagaling niyang magsalita ng ruso.,1,,Did you know that Julia stayed 10 years in Moscow? So he was very good at speaking Russian.
"Alam mo kung ano ang kaya ni Tom, hindi ba?",1,,"You know what Tom can do, don't you?"
"Alam ng lahat ang gusto, pero di alam ng lahat ang kaya.",1,,"Everyone knows what to do, but everyone doesn't know what to do."
"Alam ninyo kung ano ang kaya ni Tom, hindi ba?",2,,"You know what Tom can do, don't you?"
"Alam niyo kung ano ang kaya ni Tom, hindi ba?",2,,"You know what Tom can do, don't you?"
"Ang buong daigdig ay parang kulungan, kaya kailangan ang pakalawakan.",1,,"The whole world is like a jail, so it is necessary to expire."
"Ang dami ko pong nainom na kape kanina, kaya malamang hindi ako makakatulog nang maayos mamayang gabi.",1,,"I drank a lot of coffee a while ago, so I probably won't be able to sleep well tonight."
"Ang dami kong nainom na kape kanina, kaya malamang hindi ako makakatulog nang maayos mamayang gabi.",1,,"I drank a lot of coffee a while ago, so I probably won't be able to sleep well tonight."
"Ang init, kaya binuksan ko ang bintana.",1,,"The heat, so I opened the window."
"Ang kanilang mga ninuno ay mga magsasaka. Ang mga mas mayayaman ay umiwas sa araw, kaya ang mga balat ay mas maputi. At nagpapatuloy ang ugali ngayon.",1,,"Their ancestors were farmers. The wealthy ones avoid the sun, so the skin is more white. And the attitude goes on now."
Ang mahusay na elaborasyon at pagkakaiba-iba sa anyo at estruktura ng bubong ng bahay ay halos karapat-dapat sa dignidad ng isang hiwalay na seksiyon. Sapagkat higit sa lahat ay sa bubong na ang Hapones na bahay ay may utang sa magandang hitsura nito; ito ay ang bubong na nagbibigay sa mga bahay ng nobedad at baryedad na kung saan ay kaya kapansin-pansin sa kanila sa iba-ibang bahagi ng bansa. Ang mga linya ng isang mahusay na ginawa na bubong na pawid ay isang bagay na medyo kapansin-pansin sa kanilang mga sukat.,1,,Excellent elaboration and diversity in the form and structure of the roof of the house are almost worthy of the dignity of a separate section. Because it is largely on the roof that the Japanese house owes its beautiful appearance; It is the roof that gives the homes of the Noveder and Baryedad which is so noticeable to them in different parts of the country. The lines of a well-made roof roof are something that is quite noticeable in their size.
"Ang sabi niya, ""Ayaw kong gumawa ng palusot, kaya wala na akong sasabihin pa.""",1,,"He said, ""I don't want to make a fuss, so I have nothing more to say."""
Ano ang kaya mong ibigay sa akin?,2,,What can you give me?
Ano kaya ang gagawin ko kung wala ka?,1,,What would I do without you?
Ano kaya ang gagawin mo?,1,,What would you do?
Ano kaya ang ibig niyang sabihin sa mga salitang iyon?,1,,What does he mean by those words?
Ano kaya ang ibig sabihin ni Tom?,1,,What does Tom mean?
Ano kaya ang itsura ng tango ng taong walang leeg?,1,,What does a person without a neck look like?
Ano kaya ang laman ng drawer na ito?,1,,What is the content of this drawer?
Ano kaya ang mararamdaman mo kung iniwan ka ng asawa mo?,1,,How would you feel if your spouse left you?
Ano kaya ang nagtulak kay Tom na gawin iyon?,1,,What led Tom to do that?
Ano kaya ang nagtulak sa inyong gawin iyon?,1,,What led you to do that?
Ano kaya ang nagtulak sa iyong gawin iyon?,1,,What led you to do that?
Ano kaya ang nasa drawer na ito?,1,,What's in this drawer?
Ano kaya ang nasa loob ng drawer na ito?,1,,What is inside this drawer?
Ano kaya ang nasa loob ng drawer na ito?,1,,What is inside this drawer?
Ano kaya ang nasa loob ng drawer na ito?,1,,What is inside this drawer?
Ano kaya ang nasa loob ng drawer na ito?,1,,What is inside this drawer?
"Ano kaya kung ang antigong Budista-Hindung Srivijaya ay tumuloy sa modernong panahon, at naging parte ang Pilipinas?",1,,"What if the Buddhist-Buddhist Srivijaya continued in modern times, and the Philippines became a part?"
"Ano kaya kung ang antigong Budista-Hindung Srivijaya ay tumuloy sa modernong panahon, at naging parte ang Pilipinas?",1,,"What if the Buddhist-Buddhist Srivijaya continued in modern times, and the Philippines became a part?"
"Ano kaya kung ang antigong Budista-Hindung Srivijaya ay tumuloy sa modernong panahon, at naging parte ang Pilipinas?",1,,"What if the Buddhist-Buddhist Srivijaya continued in modern times, and the Philippines became a part?"
Ano kaya kung araw-araw ay Sabado?,1,,What if every day is Saturday?
Ano kaya kung imbitahin si Meg sa party?,1,,What if Meg was invited to the party?
Ano kaya kung imbitahin si Meg sa party?,1,,What if Meg was invited to the party?
Ano kaya kung imbitahin si Meg sa party?,1,,What if Meg was invited to the party?
Ano kaya kung imbitahin si Meg sa party?,1,,What if Meg was invited to the party?
Ano kaya kung mali sya?,1,,What if he was wrong?
Ano kaya kung pumunta sa sine?,1,,What if you go to the movie?
Ano kaya kung pumunta sa sine?,1,,What if you go to the movie?
Ano kaya kung pumunta sa sine?,1,,What if you go to the movie?
Ano kaya kung pumunta sa sine?,1,,What if you go to the movie?
Ano kaya sa tingin niya ang ginagawa niya?,1,,What does he think he is doing?
Ano pa kaya ang pwede mong ibigay sa akin na wala pa ako?,1,,What else can you give me without me?
Ano sa tingin mong kaya kong gawin para kay Tom?,2,,What do you think I can do for Tom?
At paano kaya kung mag-apon kami ng bata?,1,,And what if we had a kid?
At paano kaya kung mag-apon tayo ng bata?,1,,And what if we had a kid?
"Ayaw ko nang makita uli ang pagmumukha ng lalaking iyon, kaya pinagpupunit at sinunog ko ang lahat ng mga litrato ng gagong iyon.",1,,"I didn't want to see that guy's face again, so I burn and burns all the pictures of that guy."
"Ayaw ko nang makita uli ang pagmumukha ng lalaking iyon, kaya pinagpupunit at sinunog ko ang lahat ng mga litrato ng ungas na iyon.",1,,"I didn't want to see that guy's face again, so I burn and burns all the pictures of that idiot."
"Ayaw ko ng inihaw na isda, ano pa kaya ang hilaw na isda.",1,,"I don't like roasted fish, what a raw fish."
"Ayaw ko pong magkaroon ng sipon, kaya hindi ako lumabas.",1,,"I didn't want to have a cold, so I didn't go out."
"Ayaw ko pong magkasipon, kaya hindi ako lumabas.",1,,"I didn't want to get together, so I didn't go out."
"Ayaw kong magkaroon ng sipon, kaya hindi ako lumabas.",1,,"I didn't want to have a cold, so I didn't go out."
"Ayaw kong magkasipon, kaya hindi ako lumabas.",1,,"I didn't want to get together, so I didn't go out."
Ayaw maligo ni Tom kaya napakabaho at napakarusing na nito.,1,,Tom didn't want to bathe so it was so work and it was so bad.
"Ayaw niya pong pumasok, kaya hinila niya ang buhok niya at kinaladkad siya papasok.",1,,"She didn't want to come in, so she pulled her hair out and dragged her in."
"Ayaw niyang magmukmok, kaya nalabas siya ng bahay miski na taglamig.",1,,"He didn't want to go down, so he got out of the house winter."
"Ayaw niyang pumasok, kaya hinila niya ang buhok niya at kinaladkad siya papasok.",1,,"She didn't want to go in, so she pulled her hair out and dragged her in."
"Ayon sa Shinto, sa kamatayan ng tao, may ilang posibleng destinasyon: sa malayong kabila ng karagatang may buhay-bata, sa di kitang mundong astral, sa mundo-ilalim, o kaya sa kabundukan para magguwardiya ng buhay pang pamilya. Sa Shinto, ang paniwala ay may posibilidad na ang tao ay maging ""kami."" Marami ang kami at kung tawagin minsan ay ""kamigami."" Kung minsan, ang tawag ng mga Hapones sa Diyos ay ""Kami-sama."" Malimit din ang kami ay espiritu o anito, di lamang diyos, ang ibig sabihin.",1,,"According to Shinto, in human death, there are some possible destinations: Far from the child's ocean, in the world of astral, in the world-under, or in the mountains to preserve family life. In Shinto, the notion tends to be the person to be ""us."" We have a lot and sometimes call it ""Kamigami."" At times, the Japanese calls God ""we are together."" We are also often spirit or here, not just God, that means."
Babagsak kaya siya sa pagsusulit?,1,,Will he drop the test?
Babalik ako bukas kung kaya ko.,2,,I'll be back tomorrow if I can.
"Baka ang Artipisyal na Intelihensiya, ang AI, ay magiging kaibigan ng tao at proprotektahin tayong tao. O kaya, magiging kalaban sila.",1,,"Perhaps artificial intelligence, AI, will be human friend and we will protect people. Or, they will be an enemy."
Baka kaya kayong tulungan ni Tom.,2,,Maybe Tom can help you.
Baka kaya nila kaming tulungang makahanap ng lunas.,1,,They may help us find a cure.
Baka kaya nila tayong tulungang makahanap ng lunas.,2,,Maybe they can help us find a cure.
Baka kaya pong ipaliwanag ni Tom kung ano ang nangyari rito.,2,,Tom might be able to explain what happened here.
Bakit ba pumayag si Tom na gawin iyan kung alam niya namang hindi niya kaya?,2,,Why would Tom agree to do that if he knew he couldn't?
Bakit ba pumayag si Tom na gawin iyon kung alam niya namang hindi niya kaya?,2,,Why would Tom agree to do that if he knew he couldn't?
Bakit hindi na lang kaya kami maghintay hanggang sa Oktubre?,1,,Why can't we just wait until October?
Bakit kaya ako hindi tinawagan ni Tom?,1,,Why didn't Tom call me?
Bakit kaya ang mura nito?,1,,Why is it so cheap?
Bakit kaya ang mura-mura nito?,1,,Why is it so cheap?
Bakit kaya bad trip si Tom?,1,,Why is Tom a bad trip?
Bakit kaya ginagawa ni Tom iyan?,1,,Why is Tom doing that?
Bakit kaya gusto mong gawin ang mga ganyang bagay?,1,,Why do you want to do such things?
Bakit kaya gusto mong gawin ang mga ganyang bagay?,1,,Why do you want to do such things?
Bakit kaya gusto mong gawin ang mga ganyang bagay?,1,,Why do you want to do such things?
Bakit kaya gusto mong gawin ang mga ganyang bagay?,1,,Why do you want to do such things?
Bakit kaya hindi ka mag-aplay sa trabahong iyan?,1,,Why don't you apply for that job?
Bakit kaya hindi kami maghati ng kuwarto?,1,,Why don't we split a room?
Bakit kaya hindi lumiliit ang mga tupa sa ulan?,1,,Why don't the sheep in the rain do not diminish?
Bakit kaya hindi magkasundo sina Tom at Mary?,1,,Why can't Tom and Mary agree?
Bakit kaya hindi mo aplayan ang trabahong iyan?,1,,Why don't you apply for that job?
Bakit kaya hindi tayo lumabas ng bansa para naman maiba?,1,,Why don't we leave the country to make a difference?
Bakit kaya hindi tayo maghati ng kuwarto?,1,,Why don't we split a room?
Bakit kaya hindi tayo pumunta kung saan nang magkasama?,1,,Why don't we go somewhere together?
Bakit kaya hindi tumawag sa akin si Tom?,1,,Why didn't Tom call me?
Bakit kaya kami tinitingnan ni Tom?,1,,Why is Tom looking at us?
Bakit kaya laging nasa Tatoeba sina Tom at Mary?,1,,Why is Tom and Mary always in Tatoeba?
Bakit kaya naaakit ang mga gamugamo sa artipisyal na ilaw?,1,,Why are moths attracted to artificial light?
Bakit kaya naaakit ang mga gamugamo sa artipisyal na liwanag?,1,,Why are the moths attracted to artificial light?
Bakit kaya nakanganga ang mga babae habang mine-make-upan nila ang mga mata nila?,1,,Why are women so giggling as they make their eyes?
Bakit kaya nakanganga ang mga babae kapag mine-make-upan nila ang mga mata nila?,1,,Why are women so surprised when they make their eyes?
Bakit kaya nakatingin sa amin si Tom?,1,,Why is Tom looking at us?
Bakit kaya nakatingin sa atin si Tom?,1,,Why is Tom looking at us?
Bakit kaya nakatingin sa atin si Tom?,1,,Why is Tom looking at us?
Bakit kaya nakatingin sa atin si Tom?,1,,Why is Tom looking at us?
Bakit kaya nakatingin sa atin si Tom?,1,,Why is Tom looking at us?
Bakit kaya niya ginawa iyon?,1,,Why did he do that?
Bakit kaya tayo tinitingnan ni Tom?,1,,Why does Tom look at us?
Bakit kaya tayo tinitingnan ni Tom?,1,,Why does Tom look at us?
Bakit kaya tayo tinitingnan ni Tom?,1,,Why does Tom look at us?
Bakit kaya tayo tinitingnan ni Tom?,1,,Why does Tom look at us?
Bakit kaya walang nagtatanong?,1,,Why is no one asking?
Binayaran lang ang buong madla kaya sila nagpalakpakan.,1,,The whole audience was just paid so they applauded.
"Binibigyang diin sa Zen ang di-logosentrikong pag-iisip o kaya pag-iisip na hindi sentro ang mga salita. Ginagamit ang mga paradohang imahen. Kung may salita, ginagamit ang mga kōan, paradohang pangungusap o tanong, sa meditasyon para wasakin ang rasyonalidad.",1,,"Zen emphasizes non-local thinking or thinking that words are not center. Paradighay images are used. If there is a word, the kōan, paradighas or questions, are used in meditation to destroy rationality."
"Binilhan niya siya ng aso. Kaso, alerdyik siya sa mga aso, kaya kinailangan nila itong ipamigay.",1,,"He bought him a dog. Case in point, he was an allergic to dogs, so they had to give it a go."
"Binilhan niya siya ng aso. Kaya lang, alerdyik siya sa mga aso, kaya kinailangan nila itong ipamigay.",1,,"He bought him a dog. So, he was allergic to dogs, so they had to give it to him."
"Bukod dito, kaya kong lumipad.",2,,"Moreover, I could fly."
"Bukod dito, kaya kong lumipad.",2,,"Moreover, I could fly."
"Bukod dito, kaya kong lumipad.",2,,"Moreover, I could fly."
"Bukod dito, kaya kong lumipad.",2,,"Moreover, I could fly."
"Bumabagyo kasi, kaya wala na kaming ibang magagawa kung hindi manatili sa bahay.",1,,"It was stormy, so we could do nothing but stay home."
"Bumabagyo kasi, kaya wala na tayong ibang magagawa kung hindi manatili sa bahay.",1,,"It was stormy, so we could do nothing but stay home."
"Bumili ako ng flashlight, kaya lang nakalimutan ko pong bumili ng baterya.",1,,"I bought a flashlight, so I just forgot to buy a battery."
"Bumili ako ng flashlight, kaya lang nakalimutan kong bumili ng baterya.",1,,"I bought a flashlight, so I just forgot to buy a battery."
"Bumili ako ng plaslayt, kaya lang nakalimutan ko pong bumili ng baterya.",1,,"I bought plaslayt, so I just forgot to buy a battery."
"Bumili ako ng plaslayt, kaya lang nakalimutan kong bumili ng baterya.",1,,"I bought plaslayt, so I just forgot to buy a battery."
Bumisita ka nga kaya sa amin kung minsan sa bakasyon.,1,,You can even visit us sometimes on vacation.
Buti pa kaya ay iwan mong mag-isa si Tom.,1,,Fortunately you would leave Tom alone.
"Dalawang beses ako pumunta sa pizzeria rito sa Isla Lulu nitong ika-27 ng Agosto ng 2023, sa umaga at sa hapon. Nang punta ko sa hapon, nakita ko sa daan ang mga kapitbahay kong si Derek na Pilipino at si George na Tsipreng Griyego. Nakabalik na raw ang Haponesang asawa ni George na si Chika at ang bunso nilang si Anna nang bakasyon sa Tokyo. Sabi ko kina George at Derek na ""malaking makulay-kulay na siyudad"" ang Tokyo, kung saan ay nanirahan ko na nang ilang taong nakalipas. Nabisita na ni George din nang mga dalawang dekada ang nakalipas na. Yaong panganay nilang si Chloe ay nagtratrabaho nitong taon kaya hindi nakapunta. Sabi ko kina Derek at George na ""Taylandes at Hapones na pagkain"" ang sa mga ""paborito"" ko. Sa daang lakad ko palapit na sa pizzeria, may Pilipinong hubad at nakakortong itim na nagdya-jogging. Muskulado siya. Sa ibang tema, ang grupong VXW ay ang mga hepeng wikang guni-guni ko, mga prototipong ang Vling, Xoqolat, at Weena. Ang Vling, yaong Narangha, ay may katangian nang Oryental na may tono. Ang Xoqolat, yaong Tsokolate, ay may katangian nang Greko-Latino. Ang Weena, yaong Mapulang Bonsai, ay ang nagprepreserba ng mana ng Oryental na kaligrapiyang may reduksiyon ng mga sinograma.",1,,"I went to Pizzeria twice here on Island Lulu on August 27th of 2023, in the morning and in the afternoon. When I arrived in the afternoon, I saw my neighbors Derek and George the Greek chipper. George's Japanese wife Chika and their youngest Anna are back on vacation in Tokyo. I told George and Derek that Tokyo was a ""big colorful city"", which I have lived in a few years. George also visited about two decades ago. Their eldest son Chloe was working this year so they couldn't go. I told Derek and George that ""Thailandes and Japanese foods"" were my ""favorites"". As I walked closer to pizzeria, there was a nude and a grown black-jogging. He is a muscular. In other themes, the VXW group is the language I hate, Vling, Xoqolat, and Weena's prototypes. Vling, which is amazed, has an oriental characteristic with a tone. Xoqolat, the chocolate, has a Greek characteristic. Weena, the red bonsai, is the one who preserves the inheritance of the oriental calligraphy of the symbols."
Dalhan mo ba kaya ako ng kumot?,1,,Can you bring me a blanket?
Dapat maayos ang kuwarto mo nang kaya mong maayos.,2,,Your room should be fixed when you can well.
"Dapat tumawid tayo nang ilog. ""Ano kaya ang mga kabayo?""",1,,"We must cross the river. ""What are the horses?"""
"Di artista ang mga ninuno nila, kaya di estetiko ang mga ispeling sa wika nila.",1,,"Their ancestors are not artists, so their language spells are not aesthetic."
Di kaya ng pondo natin ang ganyang luho.,2,,Our funds cannot afford such luxury.
"Di sapat ang realidad sa karamihan; kaya, kailangan nila ng guni-guni.",1,,"The reality is not enough for the majority; So, they need a hallucination."
Gaano kaya ito kapermanente?,1,,How much is it like?
Gaano kaya katagal sa tingin mo hanggang matapos natin?,1,,How long do you think until we finish?
Gaano kaya katagal?,1,,How long has it been?
"Gabi na talaga, kaya kailangan ko na matulog.",1,,"It's really late, so I need to sleep."
Gagawin 'yan ni Tom kung kaya.,1,,Tom will do that if so.
Gagawin ko ito kung kaya ko lang.,2,,I'll do it if I can.
Gagawin ko kung kaya ko.,2,,I'll do it if I can.
Gagawin niya ito kung kaya niya lang.,1,,He would do it if he could.
"Galante siya, kaya sumama tayo sa kanya.",1,,"He was a jerk, so let's go with him."
"Gayunpaman, sa tingin ko kaya pa naming ayusin ang sitwasyon.",2,,"However, I think we can still fix the situation."
"Gayunpaman, sa tingin ko kaya pa nating ayusin ang sitwasyon.",2,,"However, I think we can fix the situation."
"Ginawa niya na ang lahat para mabuhay, kaya naman ayaw niya itong pag-usapan.",1,,"He did everything he could to live, so he didn't want to talk about it."
"Gusto ko pa sanang manatili rito at makipagkuwentuhan, kaya lang kailangan ko pong pumunta sa konsiyerto kung saan tutugtog ang anak ko.",1,,"I still want to stay here and talk, so I just have to go to the concert where my son plays."
"Gusto ko pa sanang manatili rito at makipagkuwentuhan, kaya lang kailangan kong pumunta sa konsiyerto kung saan tutugtog ang anak ko.",1,,"I still want to stay here and talk, so I just have to go to the concert where my son plays."
"Gusto ko pong bumili ng bagong laptop, kaya lang wala akong pera.",1,,"I want to buy a new laptop, so I just have no money."
"Gusto ko sana siyang yayain, kaya lang naunahan ako ng kaibigan niya.",1,,"I wish I could cheat on him, so his friend just came ahead of me."
"Gusto kong bumili ng bagong laptop, kaya lang wala akong pera.",1,,"I want to buy a new laptop, so I just have no money."
"Gusto kong bumili ng bagong laptop, kaya lang wala akong pera.",1,,"I want to buy a new laptop, so I just have no money."
"Gusto kong bumili ng bagong laptop, kaya lang wala akong pera.",1,,"I want to buy a new laptop, so I just have no money."
"Gusto kong bumili ng bagong laptop, kaya lang wala akong pera.",1,,"I want to buy a new laptop, so I just have no money."
Gusto niyang maging parang simpleng driptwud kaya nag-aral siya ng Dao.,1,,He wanted to be a simple dripptwud so he studied Dao.
Gutom ako kaya kinain ko ang natirang ulam.,1,,I was so hungry that I ate the leftover dish.
Gutom ako kaya kukuha ako ng makakain.,1,,I'm hungry so I'll get something to eat.
Gutom na gutom ako kaya inubos ko ang isang kalderong kanin.,1,,I was so hungry that I ran out of a calf rice.
"Guwapo ka naman, kaya lang mukha kang kontrabida.",1,,"You're so handsome, so you're just a villain."
Ha. Para kanino kaya iyan?,1,,Ha. To whom is that?
Ha. Para kanino kaya iyon?,1,,Ha. To whom is that?
Habulin mo kaya ako!,1,,You can chase me!
Hanggang labing-isa lang ang kaya kong kaining kwek-kwek.,2,,I can only eat only eleven.
"High school pa lamang ay sila na ng kasintahan niya, ngunit nararamdaman niya na wala nang nangyayari sa pagsasama nila kaya hindi na siya masaya.",1,,"She was just in high school with her boyfriend, but she felt that nothing was going on with them so she was no longer happy."
Higit pa iyan sa kaya kong tiisin.,2,,That's more than I can tolerate.
Higit pa iyon sa kaya kong tiisin.,2,,That's more than I can tolerate.
Higit pa rito ang kaya mo.,2,,You can do more than that.
Higit pa riyan ang kaya mo.,2,,That's more than that.
Higit pa roon ang kaya mo.,2,,You can do more.
"Hindi ako nag-iisip, kaya hindi ako makasunod.",1,,"I don't think so, so I can't obey."
"Hindi ako nag-iisip, kaya hindi ako makasunod.",1,,"I don't think so, so I can't obey."
"Hindi ako nag-iisip, kaya hindi ako makasunod.",1,,"I don't think so, so I can't obey."
Hindi ako naniniwalang kaya iyang gawin ni Tom.,2,,I don't believe that Tom can do it.
Hindi ako naniniwalang kaya iyong gawin ni Tom.,2,,I don't believe that Tom will do it.
"Hindi ito ang una mong wika, kaya hindi kailanman magiging tumpak ang pagbigkas mo.",1,,"This is not your first language, so your pronunciation will never be accurate."
"Hindi ito ang una ninyong wika, kaya hindi kailanman magiging tumpak ang pagbigkas ninyo.",1,,"This is not your first language, so your pronunciation will never be accurate."
"Hindi ka nagsisipilyo, kaya kulang-kulang tuloy ang ngipin mo.",1,,"You do not brush, so your teeth are lacking."
"Hindi ka Negro, kaya hindi mo puwedeng sabihin ang salitang iyon.",1,,"You're not a negro, so you can't say that word."
Hindi kaya ako nagtampo.,1,,I couldn't help but think.
Hindi kaya ng bansang magbayad ng kanyang mga utang.,1,,The country is unable to pay his debts.
Hindi kaya ni Jackson na magtiwala sa kanila.,2,,Jackson couldn't trust them.
Hindi kaya ni Jackson na pagkatiwalaan sila.,2,,Jackson couldn't trust them.
Hindi kayo Budista kaya parati ninyong tinatakutang mamatay na. Isip ninyo pong paimpiyerno kayo kasi.,1,,You are not a Buddhist so you always dare to die. Think of it as a pity.
"Hindi kayo naniniwala sa kagandahan, kaya gusto ninyong mamatay na.",1,,"You don't believe in beauty, so you want to die."
"Hindi ko alam kung paano ko ito sasabihin, kaya nanahimik na lang ako.",1,,"I didn't know how to say it, so I just kept quiet."
Hindi ko kaya ang hapding ito.,2,,I can't do it.
Hindi ko kaya ang ingay.,2,,I can't make the noise.
Hindi ko kaya ang init na iyon.,2,,I can't do that heat.
Hindi ko kaya ang init.,2,,I can't afford the heat.
Hindi ko kaya ang kirot na ito.,2,,I can't afford this pain.
Hindi ko kaya ang lamig na ito.,2,,I can't afford this cold.
Hindi ko kaya ang lamig.,2,,I can't afford the cold.
Hindi ko kaya ang sakit na ito.,2,,I can't afford this pain.
Hindi ko kaya ang sakit.,2,,I can't afford the pain.
Hindi ko kaya ang tindi.,2,,I can't do it.
Hindi ko kaya.,2,,I can not do it.
Hindi ko kaya. Kumakain pa ako.,2,,I can not do it. I'm still eating.
Hindi ko na kaya ang hapding ito.,2,,I can't do this anymore.
Hindi ko na kaya ang kirot na ito.,2,,I can't do this pain anymore.
Hindi ko na kaya ang sakit na ito.,2,,I can't do this pain anymore.
Hindi ko na kaya ito.,2,,I can not do this anymore.
Hindi ko na kaya! Tatlong araw na akong hindi natutulog!,2,,I can not take it anymore! I've been sleeping for three days!
Hindi ko na kaya! Tatlong araw na akong walang tulog!,2,,I can not take it anymore! I've been sleeping for three days!
Hindi ko na kaya.,2,,I can not take it anymore.
Hindi mo malalaman kung kaya mo hangga't hindi mo sinusubukan.,2,,You will never know if you can as long as you are not trying.
Hindi mo malalaman kung kaya mo o hindi kung hindi mo susubukan.,2,,You will never know if you can or not if you do not try.
"Hindi na kita mahal, kaya malungkot ako.",1,,"I don't love you anymore, so I'm sad."
"Hindi na nila mahal ang isa't-isa, kaya naghiwalay na sila.",1,,"They do not love each other anymore, so they have separated."
"Hindi nagsasalawal si Stalin, kaya kapag tumutuwad siya, nakikita ang puwet niya.",1,,"Stalin is not a sigh of relief, so when he is on his way, he can see his buttocks."
"Hindi nagsusuot ng salawal si Stalin, kaya kapag tumutuwad siya, nakikita ang puwet niya.",1,,"Stalin didn't wear a brief, so when she was on her way, she could see her buttocks."
"Hindi namin siya tinulungan, kaya ginawa niya mag-isa.",1,,"We didn't help her, so she did."
"Hindi natural ang ganda niya, kaya hindi, hindi siya maganda.",1,,"She's not natural, so no, she's not good."
Hindi ninyo malalaman kung kaya ninyo hangga't hindi ninyo sinusubukan.,2,,You will never know if you can do it until you try.
Hindi ninyo malalaman kung kaya ninyo o hindi kung hindi ninyo susubukan.,2,,You will never know if you can or not if you do not try.
Hindi pa namin kaya iyan.,2,,We can't do that yet.
"Hindi sapat ang gabay ng magulang, kung kaya't mayroong ninong at ninang.",1,,"The parent's guidance is not enough, so there are grandparents."
Hindi sila pumupunta kahit na kaya nila.,2,,They don't go even when they can.
Hulihin mo kaya ako!,1,,Catch me!
Huwag na huwag mong ipagpapabukas ang kaya mo namang gawin sa makalawa.,2,,Never open what you can do for a while.
"Iba ang itsura ng tribo niya, kaya natakot siya.",1,,"His tribe looked different, so he was scared."
Ibang iba na si Tom kaya hinde ko na siya nakilala.,1,,Tom was different so I never met him.
Ikakasal pa kaya ako?,1,,Am I getting married?
ikaw kaya maganda,1,,You are so beautiful
Ikuha mo kaya ako ng isa pang serbesa.,1,,Get me another beer.
Ilang lahi ng aso ang kaya mong pangalanan?,2,,How many dogs can you name?
Ilang lahi ng aso ang kaya ninyong pangalanan?,2,,How many dogs can you name?
"Inabrakadabra nila ang laman ng mga balota, kaya siya nanalo sa botohan.",1,,"They spit out the contents of the ballots, so he won the polls."
Ingles ka nang Ingles kaya nagiging mas aburido ka.,1,,You are English in English so you become more abusive.
Iniisip ko kung ano kaya ang natitirang laman ng ref.,1,,I was wondering what the rest of the refrigerator was.
"Iniwanan ni Tom na nakabukas ang pinto ng ref, kaya ko isinara.",1,,"Tom left the refrigerator open, so I closed it."
"Ipinanganak siya sa Inglatera, kaya siya nagsasalita ng Ingles.",1,,"He was born in England, so he speaks English."
"Isinilang siya sa Inglatera, kaya siya nagsasalita ng Ingles.",1,,"He was born in England, so he speaks English."
"Itay, kaya ba ninyong magtago ng sikreto?",2,,"Dad, can you keep a secret?"
"Itay, kaya mo bang magtago ng sikreto?",2,,"Dad, can you keep a secret?"
"Ito ang unang beses ko, kaya ako kabada.",1,,"This is my first time, so I'm crazy."
"Ito ang unang beses ko, kaya ako kinakabahan.",1,,"This is my first time, so I'm nervous."
"Itong mga araw, iniisip ko ang maaaring kinabukasan ng sangkatauhan. Sasakupin ba tayo ng mga makinang mas matalino sa atin? O kaya, magiging bagong alipin ang makina? Sino ang magiging amo, at sino ang alipin?",1,,"These days, I think of the future of mankind. Will the intelligent machines will cover us? Or, will the machine be a new slave? Who will be the boss, and who is the slave?"
"Kailan tayo kakain, kaya.",1,,"When are we going to eat, so."
"Kailangan kong bumangon nang maaga bukas, kaya plano kong matulog nang maaga mamayang gabi.",1,,"I have to get up early tomorrow, so I plan to go to bed early tonight."
"Kailangan kong makalimot, kaya umiinom ako.",1,,"I have to forget, so I drink."
"Kailangan ninyo ang doktor sa utak, kaya?",1,,"Do you need a brain doctor, so?"
Kakaunti ang bilang ng tamod ni Tom kaya nahihirapan siyang makabuntis.,1,,Tom had a small number of semen so she had a hard time getting pregnant.
Kasingkuripot kaya ni Mary si Tom?,1,,Is Mary so talented to Tom?
Kayang-kaya itong gawin ng kahit sino.,2,,Anyone can do it.
Kayang-kaya ko pong alagaan ang sarili ko.,2,,I can take care of myself.
Kayang-kaya kong alagaan ang sarili ko.,2,,I can take care of myself.
"Kilala ko siya, kaya ko siya hindi pinagkakatiwalaan.",1,,"I know him, so I don't trust him."
Kinailangan kong magtrabaho hanggang gabi kaya ipinagpaliban ko ang aking date.,1,,I had to work until night so I postponed my date.
Kukunin ko ang kaya kong kunin.,2,,I'll get what I can take.
Kumikita siya ng higit na pera kaysa sa kaya niyang gastusin.,2,,He earns more money than he can spend.
Kung bukas kaya?,1,,If tomorrow is it open?
"Kung hindi mo magawa ang gusto mo, ginagawa mo ang anong kaya mo.",2,,"If you can't do what you want, you do what you can."
Kung kaya hindi ako dumating kahapon.,1,,So I didn't come yesterday.
Kung kaya ko lang lumipad!,2,,If only I could fly!
"Kung kaya lang magmahal ni Satanas, hindi na siya magiging masama.",2,,"If Satan just loved it, he wouldn't be bad."
"Kung kaya mo, buhatin mo.",2,,"If you can, lift it."
"Kung kaya mo, gisingin mo siya.",2,,"If you can, wake him up."
"Kung kaya mo, iangat mo.",2,,"If you can, lift it."
"Kung kaya mo, itaas mo.",2,,"If you can, lift it."
"Kung kaya ninyong basahin ang pangungusap na ito, marunong kayong magbasa.",2,,"If you can read this sentence, you can read."
Kung sa Biyernes kaya?,1,,If on Friday so?
"Kuryoso si Tom, kaya niya binuksan ang kaha.",1,,"Tom was curious, so he opened the box."
"Kuryoso si Tom, kaya niya binuksan ang kahon.",1,,"Tom was curious, so he opened the box."
"Lahat ng tao ay mortal, lahat ng Griyego ay tao, kaya, lahat ng Griyego ay mortal.",1,,"Everyone is mortal, all Greek is human, so, all Greek is mortal."
"Maagang namatay ang mga magulang niya, kaya ang lola niya ang nagsilbing gabay niya.",1,,"Her parents died early, so her grandmother served as her guide."
"Madilim na, kaya umuwi na ako sa bahay.",1,,"It was dark, so I went home."
"Madilim, kaya tingnan ang dinadaanan.",1,,"It was dark, so look at the road."
Magbidyugeym tayo o kaya ano.,1,,Let's go to bed or what.
Maghapunan kaya tayo sa labas?,1,,Can we have dinner outside?
Magiging maganda kaya ang panahon ngayon?,1,,Will the weather be good today?
Magiging masaya ako kapag dumating ang panahong kaya ko nang ipahayag ang nararamdaman ko sa Ingles.,2,,I will be happy when the time comes when I can express my feelings in English.
Magkano kaya ang kinikita ng isang eksorsista?,1,,How much does an exorsist earn?
Magkano kaya ang PS4 kapag inilabas na ito?,1,,How much is PS4 when it is released?
Magkasintahan kaya sina Tom at Mary?,1,,Are Tom and Mary dating?
Maglakad kaya tayo sa estasyon?,1,,Can we walk to the station?
Magmiting kaya tayo ngayon?,1,,Are we going to meet now?
Magpatingin ka na kaya sa doktor.,1,,You can see the doctor.
"Mahilig siyang gumawa ng tsismis, kaya marami siyang kalaban.",1,,"He loves to make gossip, so he has many opponents."
"Maingat na maingat siya, kaya hindi siya madalas nagkakamali.",1,,"She was very careful, so she didn't make a mistake often."
"Mainit, kaya binuksan ko ang bintana.",1,,"It was hot, so I opened the window."
Malaki ang tsansang hindi iyan kaya ni Tom.,2,,There is a great chance that Tom can't do that.
Malaki ang tsansang hindi iyon kaya ni Tom.,2,,There is a great chance that Tom can't handle it.
"Malamig sa taglamig, kaya namin binubuksan ang kalan.",1,,"Cold in winter, so we open the stove."
"Malamig sa taglamig, kaya namin sinisindihan ang kalan.",1,,"It's cold in winter, so we light the stove."
"Malamig sa taglamig, kaya natin binubuksan ang kalan.",1,,"It's cold in winter, so we're opening the stove."
"Malamig sa taglamig, kaya natin sinisindihan ang kalan.",1,,"It's cold in winter, so we light the stove."
"Malawak ang teritoryo ng Tsina, kaya iba-iba ang uri ng tsaa.",1,,"China's territory is extensive, so tea types are different."
"Mali ka, kaya huwag kang sumigaw.",1,,"You're wrong, so don't cry."
"Malubha ang pagbibitak-bitak ng aking mga kamay, kaya kailangan kong gumamit ng gomang guwantes sa tuwing maghuhugas o maglalaba ako.",1,,"My hands were so tight, so I had to use rubber gloves every time I washed or washed."
"Marami akong ininom na kape kanina, kaya malamang hindi ako makakatulog nang maayos mamayang gabi.",1,,"I drank a lot of coffee earlier, so I probably won't be able to sleep well tonight."
"Mas magaling kaya kung ang Artipisyal na Intelihensiya, ang AI, ang gumawa ng panibagong lengguwahe para sa tao.",1,,"It would be best if the artificial intelligence, the AI, created a new language for man."
"Matanda na kayo, kaya gusto ninyong ako rin ay matanda na. May sakit kayo.",1,,"You're old, so you want me to be old too. You are sick."
"May hawak siyang palakol, kaya tinakasan ko siya.",1,,"He was holding an ax, so I ran away."
"May hawak siyang palakol, kaya tinakbuhan ko siya.",1,,"He was holding an ax, so I ran to him."
May kaya kami.,1,,We can do it.
May kaya siya siguro noon.,1,,He could have been there before.
May kaya tayo.,2,,We can do it.
May kilala yata akong kaya kang tulungan diyan.,1,,I know you can help you there.
May mga tao kaya na hindi marunong kahit isang salitang Ingles?,1,,Are there people who don't know even an English word?
"May pinagkakaabalahan ako, kaya hindi ako makakapunta.",1,,"I have something to worry about, so I can't go."
"May sakit siya, kaya matahimik sila.",1,,"She was sick, so they were quiet."
"Mayroon pong Diyos, kaya lang nakalimutan niya ang password.",1,,"There is a God, so he just forgot the password."
"Mayroong Diyos, kaya lang nakalimutan niya ang password.",1,,"There is God, so he just forgot the password."
"Mayroong inhibitor sa inyong utak na nagpapalagay sa inyong ako ay isang normal na tao, kaya maaari akong maglakad sa gitna ng mga tao.",1,,"There is an inhibitor in your brain that assumes you I am a normal person, so I can walk among the people."
"Metamodernong estilo ang aking pagsusulat sa Tagalog at Ingles, kaya iba sa ibang tao.",1,,"My writing is a metamodern style in Tagalog and English, so different from other people."
"Mukha kayong matanda, kaya gusto ninyong tumanda ang bata.",1,,"You look old, so you want the kid to grow old."
Mukhang naniniwala talaga si Tom na kaya niya iyon.,2,,Tom really believes he can do that.
Mukhang naniniwala talaga si Tom na kaya niyang gawin iyan.,2,,Tom really believes he can do that.
Mukhang naniniwala talaga si Tom na kaya niyang gawin iyon.,2,,Tom really believes he can do that.
Na-bundol sya ng kotse kaya siya na-ospital.,1,,He was bored of a car so he was hospitalized.
"Nadapa ako habang tumatakbo, kaya ako nagkasugat.",1,,"I fell down while I was running, so I got hurt."
"Nadapa ako habang tumatakbo, kaya ako nagkasugat.",1,,"I fell down while I was running, so I got hurt."
"Nadapa ako habang tumatakbo, kaya ako nagkasugat.",1,,"I fell down while I was running, so I got hurt."
Nag-iisip ako kaya nandito ako.,1,,I was thinking so I was here.
Nagtutulug-tulogan lamang siya kaya hindi siya humihilik.,1,,She was just so sleepy that she didn't cry.
Nagugutom ako kaya pumunta ako sa isang kainan.,1,,I was hungry so I went to a diner.
Nagugutom ako kaya pumunta ako sa isang restawran.,1,,I was hungry so I went to a restaurant.
"Nahiya akong magsalita, kaya tumango na lang ako.",1,,"I was embarrassed to speak, so I just nodded."
"Naiintindihan niya ang hindi maintindihan ng iba, kaya tinagurian siyang baliw.",1,,"He understood what others could not understand, so he was called mad."
"Naiwan mo ang ID mo sa bahay, kaya hindi ka makakapasok.",1,,"You left your ID at home, so you can't get in."
"Naiwanan ni Tom na nakabukas ang pinto ng ref, kaya ko isinara.",1,,"Tom left the refrigerator open, so I closed it."
"Nakabilanggo ang tao sa daigdig na ito, kaya kailangan ang pagsasaliksik sa kalawakan.",1,,"Man is imprisoned in this world, so research is needed in space."
"Nakita ko ang repleksiyon ni Tom sa salamin, kaya binati ko siya.",1,,"I saw Tom's reflection in the mirror, so I greeted him."
"Naliliitan nga ako sa ating planetang Tiyera. Sang-ayon ako sa pangarap ni Elon Musk na maging ""makaespasyong sibilisasyon at multiplanetaryong espesye"" ang sangkatauhan. Ano kaya ang kondisyon ng sangkatauhan sa harap ng abansadong Artipisyal na Intelihensiya, bagaman? Tutulong ba o mang-aalipin?",1,,"I am very close to our planet. I agree with Elon Musk's dream that mankind will be ""special civilization and multiplanetary species."" What is the condition of mankind in the face of abnrete artificial intelligence, though? Will it help or slave?"
"Nanalo kami ngayon, kaya tapos na ang sunod-sunod na pagkatalo namin.",1,,"We won today, so our defeat was over."
"Nanalo tayo ngayon, kaya tapos na ang sunod-sunod na pagkatalo natin.",1,,"We win now, so our defeat is over."
"Nang maaraw na umaga nang ika-17 ng Setyembre ng 2023, nasa Istarbak akong kumakain ng sanwits na salsitsas, kesong cheddar, at itlog nang may kasamang puting abenang gatas na may yelo. Sa mesa sa labas ng bintana ay si Marlin, yaong Pilipina, at si Les, yaong Haponesa, parehong naghahamburger sa umaga. Nasa loob naman si Dennis, yaong Tsino-Alemang mestisong naglalaro ng kanyang Sudoku, o kaya KenKen. Dumating si Greg na Pilipino. Binili niya ako ng mga mansanas na tsip. May kape siya at sanwits na beckon, Gouda, at itlog. Pinag-usapan namin ang wikang Ingles. Sang-ayon kaming hindi mabisang internasyonal na wika ang Ingles dahil hindi talagang mabigkas ng ibang etniko. Sabi kong mas marami ang mga basikong tunog o ponema sa Ingles na talagang hindi magkasiya sa 26 na letra lamang. Ang mga barista ngayon ay si Chelsea, yaong Mandaring Tsina, si Sarah, yaong Anglo-Sahona, at si Nabhi, yaong Taga-Indiyang mukhang Latina. Sa tema ng araw, ang numerong 17 at ang kulay-abo o itim ay naging mga simbolo ng Tagalog.",1,,"On the sunny morning on September 17th of 2023, I was on the sting of a salted sandwich, cheddar cheese, and eggs with a white milk-haired milk. At the table outside the window are Marlin, the Filipino, and Les, the Japanese, both in the morning. Dennis, the Chinese-Gallete, is in the middle of a metist playing his Sudoku, or Kenken. Greg came to the Filipino. He bought me apple tsip. He has coffee and sandwich, gouda, and eggs. We talked about the English language. We agree that English is not an effective international language because other ethnicity does not really pronounce it. I say there are more basic sounds or phonemes in English that really don't fit in with only 26 letters. The barists today are Chelsea, the Mandaring China, Sarah, the Anglo-Sahona, and Nabhi, the Indian Latin. In the theme of the day, the number 17 and the gray or black became Tagalog symbols."
"Nang mainit at maaraw na umaga, pasado nang alas 7, ng ika-16 ng Mayo ng 2023, naroon ako sa tsaahan para isang baso ng mayelong itim na tsaa. Lakad ako. Sa tsaahan, naroon si Chen na Intsik. Marami ngang Intsik ay may lahing Turkik o Karagatning Europeo nang matagal na, kaya mukha silang siyopaw. Sa tsaahan, naroon din ang mestisong Aleman-Intsik na si Dennis na nagsu-Sudoku sa mesang may mga de-kolor na pensil. Sa labas, sa naaarawang bangko sa tabi ng mga puno, nakaupo si Michael na Danes-Pranses at si Bernard na puting Taga-Timog Aprika. Binati nila ako mula sa malayo.",1,,"In the hot and sunny morning, past 7 o'clock on May 16, 2023, I was in the tea for a glass of black tea. I'm going. In the tea, Chen was there Chinese. Many Chinese have a Turkik or European Oceats for a long time, so they look like they are. In the Taahan, German-Chinese Dennis was also present, who had a pensil-colored desk. Outside, at the bank next to the trees, Michael sat Danes-French and Bernard white South Africa. They greeted me from afar."
"Nangangati ang buong katawan ng bata, kaya hindi niya mapigilang magkamot.",1,,"The whole body of the child was itching, so he couldn't help but be treated."
"Nangangati ang singit ni Tonyo, kaya kinamot niya nang patago.",1,,"Tonyo's groin was itching, so he shook his head."
"Naniniwala ka bang kaya mo ito, Tom?",1,,"Do you believe you can do this, Tom?"
"Naniniwala ka bang kaya mo iyan, Tom?",1,,"Do you believe that you can do that, Tom?"
"Naniniwala ka bang kaya mo iyon, Tom?",2,,"Do you believe that you can do that, Tom?"
Naniniwala siyang kaya niyang ipakita.,2,,He believes he can show.
Naniniwala siyang kaya niyang patunayan.,1,,He believes he can prove.
Nanligaw si Tom kaya Mary.,1,,Tom was cheating so Mary.
Napakadali ng problemang ito na kaya itong sagutin ng kahit sinong estudyante.,2,,This problem is so easy that any student can answer it.
Napakadali ng problemang ito na kaya itong sagutin ng kahit sinong mag-aaral.,2,,This problem is so easy that any student can answer it.
Napakadilim ng kuwarto kaya wala akong makita.,1,,The room was so dark that I couldn't see anything.
Napakadilim ng silid kaya wala akong makita.,1,,The room was so dark that I couldn't see anything.
Napakalamig kagabi kaya nanatili lang ako sa bahay.,1,,It was so cold last night that I just stayed home.
Napakasarap ng tulog ko kaya hindi ko namalayang naihi ako sa aking higaan.,1,,I was so sleepy that I didn't realize I was in bed.
"Narito pa ang bag niya, kaya hindi maaaring nakapunta na siya ng paaralan.",1,,"Her bag is still here, so she can't go to school."
Nasaan kaya ang itim na pusa?,1,,Where is the black cat?
Nasaan kaya si Tom at sino ang kasama niya?,1,,Where was Tom and who was with him?
Nasaan na kaya ngayon ang patupat ko?,1,,Where can I go now?
"Nasira ang paanan ng pangunahing haligi, kaya gumuho ang buong templo.",1,,"The foot of the main column was damaged, so the whole temple collapsed."
"Nasira ang paanan ng pangunahing haligi, kaya gumuho ang buong templo.",1,,"The foot of the main column was damaged, so the whole temple collapsed."
"Nasira ang paanan ng pangunahing haligi, kaya gumuho ang buong templo.",1,,"The foot of the main column was damaged, so the whole temple collapsed."
"Nasira ang paanan ng pangunahing haligi, kaya gumuho ang buong templo.",1,,"The foot of the main column was damaged, so the whole temple collapsed."
"Nasira ang telebisyon ko, kaya kinailangan kong ipaayos.",1,,"My television was broken, so I had to fix it."
"Nasira ang telebisyon ko, kaya kinailangan kong ipagawa.",1,,"My television was broken, so I had to do it."
"Nasira ang telebisyon ko, kaya kinailangan kong ipakumpuni.",1,,"My television was broken, so I had to repair it."
Naubusan na siya ng laway kaya sa pamamagitan na lang ng ekspresyon sa mukha siya nakikipag-usap.,1,,She had run out of saliva so she had just expression on her face.
"Ngunit ang ugali ng galaksiya ay hindi malungkot ngunit masaya. Ang simbiyosis ay lubos na nagpabuti sa sining ng telepatikong komunyon; at ngayon, sa wakas, ang maraming uri ng espiritung bumubuo sa galaksiyang lipunan ay mahigpit na nakagapos sa pagkakaunawaan sa isa't isa kung kaya't lumitaw mula sa kanilang magkakatugmang pagkakaiba-iba ang isang tunay na galaksiyang pag-iisip, na ang pag-abot ng kaisipan ay nalampasan ng mga bituin at mga mundo hanggang sa mga itong nilagpasan ang kanilang sariling mga indibidwal.",1,,"But the habit of galaxy is not sad but happy. Symbolism has greatly improved the art of telepathic communion; And now, in the end, the many kinds of spirit that make up the society's galaxy are strictly bound to understand each other so that a true delightful mind emerges from their harmony The thoughts have been exceeded by the stars and the worlds until they have passed their own individuals."
"Ngunit ang ugali ng galaksiya ay hindi malungkot ngunit masaya. Ang simbiyosis ay lubos na nagpabuti sa sining ng telepatikong komunyon; at ngayon, sa wakas, ang maraming uri ng espiritung bumubuo sa galaksiyang lipunan ay mahigpit na nakagapos sa pagkakaunawaan sa isa't isa kung kaya't lumitaw mula sa kanilang magkakatugmang pagkakaiba-iba ang isang tunay na galaksiyang pag-iisip, na ang pag-abot ng kaisipan ay nalampasan ng mga bituin at mga mundo hanggang sa mga itong nilagpasan ang kanilang sariling mga indibidwal.",1,,"But the habit of galaxy is not sad but happy. Symbolism has greatly improved the art of telepathic communion; And now, in the end, the many kinds of spirit that make up the society's galaxy are strictly bound to understand each other so that a true delightful mind emerges from their harmony The thoughts have been exceeded by the stars and the worlds until they have passed their own individuals."
"Ngunit ang ugali ng galaksiya ay hindi malungkot ngunit masaya. Ang simbiyosis ay lubos na nagpabuti sa sining ng telepatikong komunyon; at ngayon, sa wakas, ang maraming uri ng espiritung bumubuo sa galaksiyang lipunan ay mahigpit na nakagapos sa pagkakaunawaan sa isa't isa kung kaya't lumitaw mula sa kanilang magkakatugmang pagkakaiba-iba ang isang tunay na galaksiyang pag-iisip, na ang pag-abot ng kaisipan ay nalampasan ng mga bituin at mga mundo hanggang sa mga itong nilagpasan ang kanilang sariling mga indibidwal.",1,,"But the habit of galaxy is not sad but happy. Symbolism has greatly improved the art of telepathic communion; And now, in the end, the many kinds of spirit that make up the society's galaxy are strictly bound to understand each other so that a true delightful mind emerges from their harmony The thoughts have been exceeded by the stars and the worlds until they have passed their own individuals."
Nilalamig kaya sina Tom at Mary?,1,,Are Tom and Mary cool?
"Noong huling kinausap ko si Michael na Tsino, sabi ko'y sa Pransiya, importante sa mga Pranses ang mga pintura at dekorasyon, ang mga kulay-kulay, at saka ""kulay"" din sa kanila ang amoy, kaya nagpapabango palagi sila at ang mga kuwarto ay amoy ng perpume.",1,,"When I last spoke to Michael Chinese, I said in France, the French and the decorations were important to the French, the colors, and the ""colors"" of them also smelled, so they always smelled and the ones they and the The room smells of perpeuse."
"Noong kinausap ko si Bob, sabi ko'y wala pa siyang puntong Britaniko. Naranasan kong ang ibang nagpuntang Awstralya kaya ay nalalaninan ng kanilang diyalekto. Natututo raw si Bob ng mga bagong salita sa Inglatera.",1,,"When I talked to Bob, I said he had no British point yet. I have experienced others who have come to the audience so they are recognized by their dialect. Bob is learning new words in England."
Noong nakaraang linggo nasira ang ref namin kaya napilitan kaming kumain ng maraming ice cream.,1,,Last week our refrigerator was damaged so we were forced to eat lots of ice cream.
Noong nakaraang linggo nasira ang ref namin kaya napilitan kaming kumain ng maraming sorbetes.,1,,Last week our refrigerator was damaged so we were forced to eat many ice cream.
"Noong umaga nang ika-29 ng Agosto ng 2022 sa Isla Lulung kapihan, pinag-usapan namin ni Greg tungkol sa relihiyon. Interesado siya sa mga Hudyo. Sabi kong marami silang literatura, katulad ng Torah, Babilonyang Talmud, at Herusalem na Talmud. Ang Talmud ay sagradong komentarya. Sabi ko kay Greg na maraming Pilipino ay may lahing Hudyo dahil maraming Kastilang kolonista ay mga ""converso"" o kaya Kripto-Hudyo o mga anak o apo ng mga ito. Ang mga Kripto-Hudyo ay tinatago ang relihiyon nila, at Romano Katoliko sila sa labas. Sabi ni Greg na ang pinakaunang relihiyon ay Hudaismo, pero sabi ko naman ay Animismo iyon, ang ugat ng Hudaismong dumaan pa sa Henoteismo, yaong paniwalang may diyos na sarili ang tribu ng tao, pero may ibang diyos ang iba-ibang tribu. Sabi ni Greg na katulad sa Islam, ang Diyos sa Hudaismo ay hindi bumaba sa Lupa at naging tao. Iba ang Kristiyanismo.",1,,"On the morning of August 29th of 2022 on the island of Kapihan, Greg and I talked about religion. He was interested in Jews. I say they have a lot of literature, such as Torah, Babylonian Talmud, and Jerusalem Talmud. Talmud is a sacred commentary. I tell Greg that many Filipinos have Jewish descent because many Spanish colonists are ""conversations"" or cry-Jews or children or grandchildren. Crymilities are hiding their religion, and they are Roman Catholics outside. Greg says that the first religion is Judaism, but I say that it is animism, the root of the Judaism that goes through the genius, that believes that God is the human tribe, but there are other gods of different tribes. Greg says that as in Islam, God in Judaism did not come down to earth and become human. Christianity is different."
"Oo, kaya naming magbago.",2,,"Yes, we can change."
"Oo, kaya nating magbago.",2,,"Yes, we can change."
"Opo, kaya naming magbago.",2,,"Yes, we can change."
"Opo, kaya nating magbago.",2,,"Yes, we can change."
"Paano ba mang-akit ng mga bagong kliyente para isang maliit na negosyo, at paano kaya sila mapapanatili?",1,,"How to attract new clients for a small business, and how can they be maintained?"
"Paano ba mang-akit ng mga bagong mamimili para isang maliit na negosyo, at paano kaya sila mapapanatili?",1,,"How to attract new buyers for a small business, and how can they be maintained?"
"Paano ba mang-akit ng mga bagong parokyano para isang maliit na negosyo, at paano kaya sila mapapanatili?",1,,"How to attract new customers for a small business, and how can they be maintained?"
Paano kaya ito maipapaliwanag?,1,,How can this be explained?
Paano kaya nakatakas si Tom?,1,,How could Tom escape?
Pagod na ang boses ko kaya basahin mo na lang ang ekspresyon ng mukha ko.,1,,My voice is so tired that you just read the expression on my face.
Pagod siya kaya maaga siyang natulog.,1,,She was so tired that she slept early.
"Pagpapakulo nga ng tubig, hindi ako marunong, pagleletson ng pabo pa kaya.",1,,"I was boiling water, I was not smart, I was still a turkey."
"Palagi mo siyang nililibre samantala ako, kailan kaya?",1,,"You always exemplify him while I am, when is it?"
"Palagi siyang malungkot, kaya hindi siya ngumingiti.",1,,"She was always sad, so she didn't smile."
Palaging nagdadala si Maria ng pagkain na higit pa sa kaya niyang kainin.,2,,Mary always brings food more than she can eat.
Panahon ngayon ng kabute kaya mura.,1,,Today's mushroom season is so cheap.
Parang ayaw kong magtrabaho. Ano kaya kung pumunta tayo sa sinehan?,1,,It was like I didn't want to work. What if we went to the movie theater?
Parang ayokong magtrabaho ngayon; manood na lang kaya tayo ng pelikula?,1,,It seems like I don't want to work now; Can we just watch a movie?
"Parang isang kudlit ng buhangin lamang ang Tiyera, kaya umiiyak ang babae.",1,,"The aunt was just like a sandy, so the girl was crying."
"Parang wala kang pamilya, kaya pinag-uusapan mo ang pamilya ko.",1,,"You don't have a family, so you're talking about my family."
"Parati kang inuutusan, kaya ganyan ang isip mo.",1,,"You are always commanded, so that's your mind."
"Pareho silang manhid, kaya hindi nila napapansin kapag may nasasaktan na silang iba.",1,,"They are both numb, so they do not notice when they are hurting others."
"Pinag-aaralan ang isang wika dahil sa nakikitang halaga ng prestihiyo nito. Kung gusto mo ng mga pabango, malamang na mahilig ka sa Pranses. Kung mahilig ka sa musikang rock, malamang na mahilig ka sa Ingles. Gusto ko ang ligaw na kalikasan, kaya gusto ko ang mga katutubong wika ng Australia at Amerika.",1,,"A language is studied because of its visible value of prestige. If you like perfumes, you probably love French. If you love rock music, you probably love English. I like the wild nature, so I like the native languages ​​of Australia and America."
Pipirmahan kaya ni Tom ang kontrata?,1,,Will Tom sign the contract?
Pumunta ka kung kaya mo!,2,,Go if you can!
Pumunta kaya tayo sa sinehan?,1,,Are we going to the movie theater?
"Sa Brazil, gusto kong bisitahin ang Rio de Janeiro, habang sinasanay ko ang aking Portuges sa puntong Carioca. Gusto ko ang bisyon ng Brasilia, kaya gusto kong bisitahin ang kabesera. Gusto ko ring bisitahin ang Manaus, ang tanging lungsod sa Maulang Gubat ng Amazong may higit sa isang milyong mga naninirahan. Ang Amazon ay may malagong ekosistema. Ang Brazil ay nasa aking listahan.",1,,"In Brazil, I like to visit Rio de Janeiro, as I train my Portuguese at the point of Carioca. I like the vision of Brasilia, so I want to visit the capital. I would also like to visit Manaus, the only city in the rained forest of Amazong with more than one million inhabitants. Amazon has a new ecosystem. Brazil is on my list."
"Sa gabing pasado nang 17:00 nang ika-20 ng Oktubre ng 2023, lakad ako sa labas at nakita kong naninigarilyo ang mga kapitbahay na si Rochelle at si Al. Tumawid ako sa harap ng pizzeria, pero puno nang tao, kaya dumalaw na lamang ako sa Istarbak. Nag-isang sako ako ng patatas na tsip. Naubusan na raw sila nang abenang gatas na latte, yaong gusto ko sana, ang sabi ni Denise na Pilipinang barista. Naroon din ang baristang si Chase na mestisong Tsino-Ingles. Naroon din ang Anglo-Sahong si Peter na nagtanim daw ng mga kamatis sa labas ng Istarbak, at namumunga nang malaki ngayon. Nakaupo sa bar si Chen, yaong Tsinong tabatsoy na mukhang militar. Bumalik ako sa pizzeria naman para magkolang pangdiyeta. Naroon ang mga tinderang si Agaccha at si Navjot na parehong Taga-Indiya. Nasa ismartpon si Tharsan, yaong pizzeriang may-aring may lahing Taga-Sri Lanka. May Sikh na dilaw ang turbang nakaupo sa sulok. May dala siyang malaking papel na sakong may markang Levi's. May dumalaw na mukhang Hispanikang nanay na may apat na batang nakasuot nang pang-Halloween: isang Spider-Man, isang Captain America, isang matabang bruhang nakaitim, at isang prinsesang nakaasul at puti. Maaga ang Halloween natin.",1,,"On the night at 17:00 pm on October 20, 2023, I walked outside and saw neighbors Rochelle and Al. I crossed in front of the pizzeria, but was full of people, so I just visited the sting. I was one sack of potato chip. They have just run out of latte milk, which I wish, Denise said the Filipino barista. Barist Chase was also there Chinese-English. The Anglo-Sunan Peter was also there to plant tomatoes outside the sting, and bear fruit now. Chen was sitting at the bar, the Chinese Tabatoy who looked like a military. I went back to the pizzeria for a diet. There were the shopkeepers Agaccha and Navjot, both Indians. Tharsan, the pizzerian of a Sri Lanka, is on the basis. The turb is sitting in the corner. He had a large paper on Levi's marked heel. There is a visit that looks like a mother with four children in Halloween: a Spider-Man, a Captain America, a fertile black, and a white and white prince. Our Halloween is early."
"Sa palagay mo, babalikan kaya nila ako?",1,,Do you think they'll come back to me?
"Sa sobrang saya ko, pakiramdam ko kaya kong lumipad.",2,,"To my great delight, I could feel that I could fly."
"Sa tingin 'nyo , buhay pa kaya si Tom?",1,,Do you think Tom is still alive?
"Sa tingin 'nyo , naaalala pa kaya ako ni Tom?",1,,Do you think Tom still remembers me?
"Sa tingin 'nyo kaya, nakakain ang mga alakdan?",1,,Do you think the scorpions are edible?
"Sa tingin 'nyo, buhay pa kaya si Tom?",1,,Do you think Tom is still alive?
"Sa tingin 'nyo, naaalala pa kaya ako ni Tom?",1,,Do you think Tom still remembers me?
"Sa tingin kaya ninyo, nakakain ang mga alakdan?",1,,Do you think scorpions are edible?
Sa tingin ko kaya ko itong ipaliwanag.,2,,I think I can explain it.
Sa tingin ko kaya mong magtagumpay.,2,,I think you can succeed.
Sa tingin ko kaya ninyo kaming tulungan.,2,,I think you can help us.
Sa tingin ko kaya ninyong tumulong sa amin.,2,,I think you can help us.
Sa tingin mo ba kaya mo akong takasan?,2,,Do you think you can escape me?
Sa tingin mo kaya isa itong patibong?,1,,Do you think it's a trap?
Sa tingin mo kaya mong gawin nang mas maayos?,2,,Do you think you can do it better?
Sa tingin mo kaya mong gawin nang mas magaling?,2,,Do you think you can do better?
"Sa tingin mo kaya, nakakain ang mga alakdan?",1,,Do you think scorpions are edible?
"Sa tingin mo, buhay pa kaya si Tom?",1,,Do you think Tom is still alive?
"Sa tingin mo, gaano kaya kabigat si Tom?",1,,Do you think Tom is so serious?
"Sa tingin mo, naaalala pa kaya ako ni Tom?",1,,Do you think Tom still remembers me?
"Sa tingin mo, uulan kaya ngayon?",1,,Do you think it's raining now?
"Sa tingin ninyo, buhay pa kaya si Tom?",1,,Do you think Tom is still alive?
"Sa tingin ninyo, gaano kaya kabigat si Tom?",1,,Do you think Tom is so serious?
"Sa tingin ninyo, naaalala pa kaya ako ni Tom?",1,,Do you think Tom still remembers me?
"Sa tingin niya, kaya niyang ipakita.",2,,He thinks he can show.
"Sa tingin niya, kaya niyang patunayan.",2,,He thinks he can prove it.
Saan kaya ako pupunta?,1,,Where can I go?
Saan kaya naglalaro ng tenis si Tom?,1,,Where did Tom play tenis?
Saan kaya natututunan ng mga eksorsista ang pagsasagawa ng eksorsismo?,1,,Where do exorsists learn to perform exorcism?
"Sabi ng aming guro, ""Siyempre naman, kaya mo.""",2,,"Our teacher said, ""Of course, you can."""
Sabi ni Tom akala niya na kaya niyang manalo.,2,,Tom said he thought he could win.
Sabi nila na hindi kaya.,2,,They say they can't.
Sabi niya pagod daw siya kaya uuwi siya nang maaga.,1,,He said he was tired so he would go home early.
Sana kaya kong lumipad.,2,,I wish I could fly.
Sana kaya kong kumanta kagaya mo!,2,,I wish I could sing like you!
Sana kaya kong kumanta kagaya ninyo!,2,,I wish I could sing like you!
Si Tom lang ang kaya kong pagkatiwalaan.,2,,Tom is the only one I can trust.
Sigurado akong kaya kong talunin si Tom.,2,,I'm sure I can beat Tom.
"Sila ang mga magulang ng tatay ko, kaya sila ang lolo at lola ko sa ama.",1,,"They are my dad's parents, so they are my grandparents' grandparents."
Sinabi ng kapwa magkapatid na lalaki na hindi nila kayang buhayin ang asawa at eroplano kaya nagpasiya sila na manatiling binata na lang.,1,,Both brothers said they could not live with the wife and planes so they decided to stay young.
Sinabi ni Mary na sa tingin niya kaya niyang manalo.,2,,Mary says she thinks she can win.
Sinasabi nilang kaya nila iyan.,2,,They say they can do that.
Sino kaya ang unang makakatuklas kung nasaan ang bangkay?,1,,Who would first discover where the body was?
"Sinusubukan kitang kalimutan, pero hindi ko kaya.",2,,"I'm trying to forget you, but I can't."
"Sinusubukan kong kalimutan ka, pero hindi ko kaya.",2,,"I'm trying to forget you, but I can't."
"Sira ang mga transmisor, kaya wala kaming nasasagap na signal.",2,,"The transmisors are broken, so we have no signals."
"Sira ang mga transmisor, kaya wala tayong nasasagap na signal.",1,,"Transmisors are broken, so we have no signals."
Sobra niyang binabaluktot ang katawan niya habang nagtatrabaho kaya siya nagretiro dahil sa problema sa gulugod.,1,,He was so distorted his body as he worked that he was retiring because of the spine problem.
"Sobrang abala ako, kaya malamang hindi ako makakapunta bukas.",1,,"I was so busy, so I probably won't be able to go tomorrow."
"Takot ka sa diyos mo, kaya nerbiyoso ka.",1,,"You are afraid of your God, so you are nervous."
"Tanghali na, kaya patayin mo ang telebisyon.",1,,"It's noon, so turn off the television."
Tayo-tayo na lang kaya ang magdiwang ng kaarawan mo?,1,,Are we just going to celebrate your birthday?
Tingnan natin kung kaya nating pabilisin ang proseso nang kaunti.,2,,Let's see if we can speed up the process a little.
Tingnan natin kung kaya nating pabilisin nang kaunti ang proseso.,2,,Let's see if we can speed up the process.
Tumalon ka nang pinakamataas na kaya mo.,2,,You jump at the highest you can.
"Umuulan noon, kaya ako ay nanatili sa bahay.",1,,"It was raining, so I stayed home."
"Wala akong damit na pambahay, kaya pinambabahay ko lang ang mga damit kong pang-alis.",1,,"I didn't have a home dress, so I just put on my clothes off."
"Wala akong sinabi, kaya lalong nagalit si Tom.",1,,"I said nothing, so Tom became more and more angry."
"Wala kaming mga mamimili, kaya isinara namin ng maaga ang tindahan.",1,,"We didn't have any buyers, so we closed the store early."
"Wala nang bakanteng upuan sa bus, kaya nanatili akong nakatayo.",1,,"There was no vacant seat on the bus, so I remained standing."
"Wala nang libreng upuan sa bus, kaya nanatili akong nakatayo.",1,,"There was no free seat on the bus, so I stayed standing."
"Wala rito ang kotse niya, kaya umalis siguro siya.",1,,"His car was not here, so he probably left."
"Wala rito ang sasakyan niya, kaya umalis siguro siya.",1,,"His car was not here, so he probably left."
"Wala siyang mga pinagkakaabalahan, kaya naaaburido siya.",1,,"He had no concerns, so he was distracted."
"Wala siyang pambayad sa kinain niya, kaya pinaghugas siya ng pinggan.",1,,"He had no payment for what he ate, so he washed the dishes."
"Wala siyang sinabi, kaya nagalit siya.",1,,"He said nothing, so he was angry."
"Walang magawa si Tom, kaya umuwi siya.",1,,"Tom could do nothing, so he went home."
"Walang nakikita ang mga tao na pag-asang makamit ang kasiyahan sa buhay na ito, kaya likas nila itong hinahanap sa kabilang buhay.",1,,"No one can see people hope to achieve happiness in this life, so they are naturally looking for it in the afterlife."