Sentence,"taong - [0:'táong', 1:'taóng']",,
30 taon na siyang nagtatrabaho para sa kapakanan ng kanyang taong-bayan.,0,,He has been working for the welfare of his people for 30 years.
Ako ang pinakatamad na taong kilala ko.,0,,I am the laziest person I know.
Ako ay 17 taong gulang din.,1,,I am also 17 years old.
Ako ay isang taong maingat.,0,,I am a careful person.
Ako ay naninigarilyo mula ako'y labing-siyam na taong gulang.,1,,I have been smoking since I was nineteen years old.
Ako'y labinlimang taong gulang. Bakit mo naitanong?,1,,I am fifteen years old. Why did you ask?
Alam ba ninyo kung sino ang mga taong ito?,0,,Do you know who these people are?
Alam ko na tatlumpung taong gulang si Tom.,1,,I know that Tom is thirty years old.
Alam kong hindi ka talagang tanga. Hindi ka sanay sa ibang taong may ibang lahi.,0,,I know you're not really stupid. You are not used to other people of other races.
Alam kong wala ka pang labing-walong taong gulang.,1,,I know you are under eighteen.
Ang aking ina ay higit sa 80 taong gulang.,1,,My mother is over 80 years old.
Ang aking kaibigan ay labimpitong taong gulang.,1,,My friend is seventeen years old.
Ang bakasyon ay mainam para sa mga taong nababagot sa buong taon.,0,,Vacations are ideal for people who are bored all year round.
Ang dami pong mga riot noong taong iyon.,1,,There were a lot of riots that year.
Ang daming mga riot noong taong iyon.,1,,There were many riots that year.
"Ang hula ko, higit tatlumpung taong gulang na ang guro namin sa agham.",1,,My guess is that our science teacher is over thirty years old.
"Ang hula ko, higit tatlumpung taong gulang na ang guro natin sa agham.",1,,My guess is that our science teacher is over thirty years old.
"Ang Ikalawang Buhay ay mundong may mga gusali, ilog, at dagat na ang tao'y puwedeng maglakad sa hugis ng taong ang pangalan at aspekto ay pinili nilang sarili.",0,,"The Second Life is a world with buildings, rivers, and seas where people can walk in the shape of a person whose name and appearance they choose."
Ang importanteng alalahanin ay walang taong isang daang porsiyentong anuman.,0,,The important concern is that no one is one hundred percent anything.
Ang isang araw na hindi tayo magkasama ay parang tatlong taong paghihiwalay.,1,,A day that we are not together is like three years apart.
"Ang isang taong suplay ng gamot ay nagkakahalagang $50,000.",0,,"A one-year supply of the drug costs $50,000."
"Ang labanan sa Marignano ay naganap noong ika-13 at ika-14 ng Setyembre, taong 1515.",1,,"The battle of Marignano took place on the 13th and 14th of September, year 1515."
Ang mga Inca ay mga taong relihiyoso.,0,,The Incas were a religious people.
Ang mga libro ay para sa mga taong gustong mapunta sa ibang lugar.,0,,Books are for people who want to be somewhere else.
Ang mga petroglipo sa La Lindosa sa Amasona ng Colombia ay ginawa noong panahon ng mga 12 600 taong nakalipas hanggang mga 1478 AD hanggang 1642 AD. Ang mga hugis ay halaman at hayop noong panahon.,1,,"The petroglyphs at La Lindosa in the Colombian Amazon were made during a period of about 12,600 years ago to about 1478 AD to 1642 AD. The shapes are plants and animals of the time."
"Ang mga taong nagmamahal ay walang pinagdududahan, o pinagdududahan ang lahat.",0,,"People who love doubt nothing, or doubt everything."
Ang mga taong naninirahan sa kanya sa Londres ay bibisita sa akin.,0,,The people who live with him in London will visit me.
"Ang mga taong umiibig ay walang pinagdududahan, o pinagdududahan ang lahat.",0,,"People in love doubt nothing, or doubt everything."
Ang nag-iisang karot sa kusina ay naging ilong ng taong niyebe na aming ginawa.,0,,The only carrot in the kitchen became the nose of the snowman we made.
Ang paaralan ay itinatag noong taong 1650.,1,,The school was founded in the year 1650.
Ang Palenquero ay Kastilang kreyol sa San Basilio de Palenque at Barranquilla sa Colombia. Bumuo itong wika mula sa mga taong Amerindiyo at mas karamihang kanluraning Aprikano.,0,,Palenquero is a Spanish creole in San Basilio de Palenque and Barranquilla in Colombia. This language developed from the Amerindian people and mostly west Africans.
Ang Panahong Heian ang pinakahuling bahagi ng klasikong Kasaysayan ng Hapon noong taong 794 haggang 1185.,1,,The Heian Period is the last part of classic Japanese History from 794 to 1185.
"Ang porn ay rated X; ibig sabihin, ang mga maaari lang manood nito ay mga taong edad 18 pataas.",0,,"Porn is rated X; that is, the only people who can watch it are people aged 18 and over."
Ang puno ng mansanas ay may kaunting prutas sa taong ito.,1,,The apple tree has little fruit this year.
Ang taong aking hinihintay ay hindi sumipot.,0,,The person I was waiting for did not show up.
Ang taong iyon ay may nunal sa gilid ng kanyang mata.,0,,That person had a mole in the corner of his eye.
Ang taong sinasalin ang mga salita ay gumagawa ng walang gramatikang mali sa dayuhang wika.,0,,The person translating the words makes no grammatical mistakes in the foreign language.
Ano ang ginawa mo sa mga taong ito?,0,,What did you do with these people?
Ano ang nagawa mo sa mga taong ito?,0,,What have you done with these people?
Ano kaya ang itsura ng tango ng taong walang leeg?,0,,What does the tango of a person without a neck look like?
Anu-ano ang mga ginawa mo sa mga taong ito?,0,,What did you do with these people?
Anu-ano ang mga nagawa mo sa mga taong ito?,0,,What have you done during these years?
At ang taong iyon ay si Albert Einstein.,0,,And that person was Albert Einstein.
Ayaw ko ang mga taong may mga damdamin.,0,,I dont like people who has emotions.
Ayaw ko sa mga taong katulad 'nyo.,0,,I don't like people like you.
Ayaw ko sa mga taong katulad mo.,0,,I hate people like you.
Ayaw ko sa mga taong katulad ninyo.,0,,I hate people like you.
Ayaw ko sa mga taong matitigas ang ulo.,0,,I hate stubborn people.
Ayaw ko sa mga taong tinititigan ako.,0,,I don't like people staring at me.
Ayaw ni Tom na makita siya ng mga taong nakahubad.,0,,Tom doesn't want people to see him naked.
Bakit ginto ang isa sa mga ngipin ng taong iyon?,0,,Why is one of that person's teeth gold?
Bakit mahilig ang mga taong magpaduyan-duyan sa mga duyan?,0,,Why do people like to swing in hammocks?
Buong taong bukas ang tindahan.,1,,The store is open all year round.
Dapat makihalubilo ka sa mga taong sa tingin mo ay mapagkakatiwalaan.,0,,You should associate with people you feel you can trust.
Dapat umiwas ka sa mga taong di makabubuti sa iyo.,0,,You should avoid people who are not good for you.
Delikado ang mga taong iyon.,0,,Those people are dangerous.
Di siya naniniwalang may taong nakarating na sa buwan.,0,,He does not believe that someone has reached the moon.
Dumating ako sa bansang Hapon dalawang taong nakaraan.,1,,I came to Japan two years ago.
Dumating ako sa Tokyo tatlong taong nakalipas at mula noon dito na ako nakatira.,1,,I came to Tokyo three years ago and have been living here ever since.
Dumating ang mga taong may dala-dalang kamatis at itlog para ikondena ang ginawa ng alkalde.,0,,People came with tomatoes and eggs to condemn what the mayor did.
Galit ako sa mga taong katulad mo.,0,,I hate people like you.
Galit ako sa mga taong katulad ninyo.,0,,I hate people like you.
Gusto ko ang taong iyan.,0,,I like that person.
"Habang may mga taong gustong magkaroon ng mga bagong sapatos, ang iba ay gustong... magkaroon lamang ng mga paa.",0,,"While some people want to have new shoes, others want to... just have feet."
Halos animnapung taong gulang na siya.,1,,He was almost sixty years old.
Halos wala akong nakitang mga bubuyog sa taong ito.,1,,I saw almost no bees this year.
Higit animnapung taong gulang na siya.,1,,He is over sixty years old.
Higit na mas masaya ang mga taong palaging tumatawa kaysa sa mga taong hindi gaanong tumatawa.,0,,People who laugh all the time are much happier than people who don't laugh much.
Hinalikan ako sa pisngi ng pamangkin kong tatlong taong gulang.,1,,My three-year-old niece kissed me on the cheek.
Hinatulan siya ng hukom ng limang taong pagkakakulong.,1,,The judge sentenced him to five years in prison.
Hindi ako nakikihalubilo sa mga taong katulad ni Tom.,0,,I don't hang out with people like Tom.
Hindi ko naiintindihan ang mga taong naghahapunan ng almusal.,0,,I don't understand people who have breakfast for dinner.
Hindi mapagkakatiwalaan ang taong iyan.,0,,That person cannot be trusted.
Hindi mapagkakatiwalaan ang taong iyon.,0,,That person cannot be trusted.
Hindi mo kailangang maging henyo para maintindihang may taong nagmamahal sa iyo.,0,,You don't have to be a genius to understand that someone loves you.
Hindi mo puwedeng gisingin ang taong nagtutulugtulugan lang.,0,,You can't wake up a sleeping person.
"Hindi nakikisalamuha kahit kanino ang mga taong namumuno sa mundo, dahil sila ay mga matapobre at rasista.",0,,"The people who rule the world do not associate with anyone, because they are poor and racist."
Hindi niya pinapansin ang mga taong kumakausap sa kanya.,0,,He ignores people who talk to him.
Hindi niya pinapansin ang mga taong nakikipag-usap sa kanya.,0,,He ignores people who talk to him.
Hindi siya ang tipo ng taong magnanakaw.,0,,He is not the type of person to steal.
Huwag magtiwala sa mga taong pumupuri sa iyo sa iyong harapan.,0,,Do not trust people who praise you to your face.
Huwag magtiwala sa mga taong pumupuri sa iyo sa iyong presensiya.,0,,Do not trust people who praise you in your presence.
Ikaw ang nag-iisang taong kilala ko na kasing-edad ko.,0,,You are the only person I know who is my age.
Ikaw lang ang taong kilala ko maliban sa akin na mahilig gawin iyan.,0,,You're the only person I know besides me who likes to do that.
Ikaw lang ang taong kilala kong hindi umiinom ng tubig.,0,,You're the only person I know who doesn't drink water.
Ikinasal ang nanay ko noong siya ay 20 taong gulang.,1,,My mother got married when she was 20 years old.
Ikinasal siya sa edad na labing-anim na taong gulang.,1,,He got married at the age of sixteen.
"Ilang taon ka na? ""Ako'y 16 na taong gulang.""",1,,"How old are you? ""I'm 16 years old."""
Ilang taon ka na? Ako beintisais taong gulang.,1,,How old are you? I am twenty-six years old.
Ilang taong gulang ka na nang malaman mong hindi totoo si Santa Claus? Paano mo nalaman?,1,,How old were you when you learned Santa Claus wasn't real? How did you know?
Ilang taong pinag-awayan ang pagmamay-ari ng mga lupain.,1,,Several people fought over the ownership of the lands.
Ilang taong pinagtalunan ang pagmamay-ari ng mga lupain.,1,,Several people disputed the ownership of the lands.
Inaakusahan ang sarili ng taong nagpapalusot.,0,,The smuggler accuses himself.
Iniligtas ng doktor ang apat na taong nasaktan sa aksidente.,0,,The doctor saved four people who were injured in the accident.
Inisip ng huling taong pinagkuwentuhan ko ng ideya ko na baliw ako.,0,,The last person I told my idea to thought I was crazy.
Inumpisahan ko pong mag-aral ng Pranses noong labintatlong taong gulang ako.,1,,I started learning French when I was thirteen years old.
Inumpisahan kong mag-aral ng Pranses noong labintatlong taong gulang ako.,1,,I started learning French when I was thirteen years old.
Ipakita mo sa akin ang taong nagmamahal sa iyo.,0,,Show me the person who loves you.
"Ipinagdiwang ng tatay ko ang ikapitumpung kaarawan niya sa taong ito, pero mas masigla pa siya kaysa sa akin.",1,,"My father celebrated his seventieth birthday this year, but he is even more energetic than I am."
"Ipinanganak ako noong ika-14 ng Pebrero, taong 1960.",1,,"I was born on February 14th, year 1960."
Ipinanganak ako noong ika-22 ng Nobyembre taong 1948.,1,,I was born on the 22nd of November year 1948.
Ipinanganak ako noong taong 1988.,1,,I was born in the year 1988.
"Ipinanganak ako sa Osaka noong ikalima ng Marso, taong 1977.",1,,"I was born in Osaka on the fifth of March, year 1977."
Ipinanganak si Tom noong taong 2013.,1,,Tom was born in the year 2013.
Ipinanganak si Tom tatlong araw bago ang Pasko noong taong 2013.,1,,Tom was born three days before Christmas in the year 2013.
"Ipinanganak siya noong ika-14 ng Pebrero, taong 1960.",1,,"He was born on February 14th, year 1960."
Isa si Tom sa mga pinakagalanteng taong kilala ko.,0,,Tom is one of the bravest people I know.
Isa si Tom sa mga pinakamapagbigay na taong kilala ko.,0,,Tom is one of the most generous people I know.
Isa siyang taong mapagkakatiwalaan.,0,,He is a trustworthy person.
Isa siyang taong mataas ang katayuan sa lipunan.,0,,He is a person of high social status.
Isa siyang taong may mataas na katayuan sa lipunan.,0,,He is a person of high social status.
Isinaulo niya ang tulang iyan sa edad na limang taong gulang.,1,,He memorized that poem at the age of five.
"Isinilang ako noong ika-14 ng Pebrero, taong 1960.",1,,"I was born on February 14th, year 1960."
Isinilang ako noong ika-22 ng Nobyembre taong 1948.,1,,I was born on the 22nd of November in the year 1948.
"Isinilang ako sa Osaka noong ikalima ng Marso, taong 1977.",1,,"I was born in Osaka on the fifth of March, year 1977."
Isinilang si Tom noong taong 2013.,1,,Tom was born in the year 2013.
Isinilang si Tom tatlong araw bago ang Pasko noong taong 2013.,1,,Tom was born three days before Christmas in the year 2013.
"Isinilang siya noong ika-14 ng Pebrero, taong 1960.",1,,"He was born on the 14th of February, year 1960."
Isip ko'y ang mga taong parating takot ay inutil.,0,,I think people who are always afraid are useless.
Itinaksil ako ng taong itinuturing kong kaibigan.,0,,The person I considered my friend betrayed me.
Itinayo ang monumentong ito noong Pebro ng taong 1985.,1,,This monument was built in February of the year 1985.
Ito ang mga taong nakakita sa pagsabog.,0,,These are the people who saw the explosion.
Ito ang unang beses na nakakita siya ng taong nagsasalita ng Pranses.,0,,It was the first time he had seen someone who spoke French.
Itrinaydor ako ng taong itinuturing kong kaibigan.,0,,The person I consider my friend has trained me.
Ituro mo sa akin ang taong nagmamahal sa iyo.,0,,Show me the person who loves you.
Iyon ang unang beses na nakakita siya ng taong nagsasalita ng Pranses.,0,,It was the first time he had seen someone who spoke French.
Kabuhayan ang taong gumagawa.,0,,Livelihood is the man who works.
Kabuhayan ang taong lumilikha.,0,,Livelihood is the person who creates.
"Kahit gaanong magaling ka, palaging may taong higit na magaling kaysa sa iyo.",0,,"No matter how good you are, there will always be someone better than you."
"Kahit na dalawampung taong gulang na siya, masyado pa rin siyang mahiyain para makipag-usap sa mga babae.",1,,"Even though he was twenty years old, he was still too shy to talk to girls."
Kailangan ng mabilis na kabayo ng taong nagsasabi ng totoo.,0,,A swift horse needs a man who tells the truth.
Kailangan talaga ng mundo ng mga taong maaliwalas ang isip.,0,,The world really needs people with clear minds.
Kailangang mag-ingat ng taong maraming pag-aari.,0,,A person with many possessions needs to be careful.
Kailangang maging maingat ng taong maraming pag-aari.,0,,A person with many possessions needs to be careful.
Kailangang maging mapagmatyag ng taong maraming pag-aari.,0,,A person with many possessions needs to be careful.
Kakain nang mabagal ang taong malaki ng niyog na maliit.,0,,The big man will eat the small coconut slowly.
Kakain nang mabilis ang taong malaki ng niyog na maliit.,0,,The big man will quickly eat the small coconut.
Kakainin nang mabagal ng taong malaki ang niyog na maliit.,0,,A big person will eat a small coconut slowly.
Kakainin nang mabilis ng taong malaki ang niyog na maliit.,0,,The big person will quickly eat the small coconut.
Kakaunti lang ang mga taong may oportunidad na makapagtrabaho sa kung ano ang gusto nila.,0,,Few people have the opportunity to work at what they love.
Kakaunti na ang mga taong nagsasalita ng wika niya rito sa Tiyera.,0,,Few people speak his language here in Tiyera.
Kami ay naipit sa loob ng mataong tren.,0,,We were stuck inside a crowded train.
"Kapag tumingin ka sa paligid mo, makikita mong maraming mga taong pareho lang ang ginagawa.",0,,"When you look around you, you will see many people doing the same thing."
Kasama ka sa mga taong ipaglalaban ko.,0,,You are among the people I will fight for.
Kasama kayo sa mga taong ipaglalaban ko.,0,,You are among the people I will fight for.
Kilala ko ang taong kasama mong pumunta.,0,,I know the person you went with.
Kilala ko ang taong sinasabi mo.,0,,I know the person you are talking about.
Kilala ko ang taong tinutukoy mo.,0,,I know the person you are referring to.
"Kilala mo ang taong sinasabi ko, hindi ba?",0,,"You know the person I'm talking about, don't you?"
"Kilala mo ang taong tinutukoy ko, hindi ba?",0,,"You know the person I'm talking about, don't you?"
Kilala mo ba ang lahat ng mga taong ito?,0,,Do you know all these people?
Kinabisado niya ang tulang iyan sa edad na limang taong gulang.,1,,He memorized that poem at the age of five.
Kinain ng taong malaki ang niyog na maliit.,0,,The big man ate the small coconut.
Kinakain nang mabilis ng taong malaki ang niyog na maliit.,0,,The big man quickly eats the small coconut.
Kinamumuhian niya ang mga taong nagsisinungaling.,0,,He hates people who lie.
Kumain ang taong malaki ng niyog na maliit.,0,,The big man ate the small coconut.
Kumakain nang mabagal ang taong malaki ng niyog na maliit.,0,,The big man eats the small coconut slowly.
Kumakain nang mabilis ang taong malaki ng niyog na maliit.,0,,The big man eats the small coconut quickly.
"Kung gusto mong baguhin ang mundo, magsimula ka sa taong nakikita mo bawat umaga sa salamin.",0,,"If you want to change the world, start with the person you see in the mirror every morning."
"Kung hindi siya namatay sa gera, higit animnapung taong gulang na siya ngayon.",1,,"If he hadn't died in battle, he would have been over sixty years old by now."
"Kung hindi siya nasawi sa gera, higit animnapung taong gulang na siya ngayon.",1,,"If he hadn't died in the war, he would be over sixty years old now."
"Kung mapapagkamalan lang siyang labing-walong taong gulang, sasali siya sa hukbo.",1,,"If only he could be mistaken for eighteen years old, he would join the army."
"Kung sa pitumpung taong gulang ay gusto kong makipagtalik, may karapatan kong magkaroon ng lugar kung saan maipagkakaloob sa akin ang kasiyahang iyon.",1,,"If at seventy years of age I want to have sex, I have the right to have a place where that pleasure can be granted to me."
Labin-tatlong taong gulang na si Tom.,1,,Tom is thirteen years old.
Labindalawang taong gulang na ako.,1,,I am twelve years old.
"Labindalawang taong gulang pa lang ako, ano ba ito?",1,,"I'm only twelve years old, what is this?"
Labing-apat na taong gulang ako at ang lalim nito.,1,,I was fourteen years old and the depth of it.
Labing-walong taong gulang ang namatay.,1,,Eighteen years old died.
Labing-walong taong gulang ang pumanaw.,1,,Eighteen years old passed away.
Labing-walong taong gulang ang sumakabilang-buhay.,1,,Eighteen-year-olds took their lives.
Labing-walong taong gulang ang yumao.,1,,Eighteen years old passed away.
Labinlimang taong gulang ako sa retratong ito.,1,,I am fifteen years old in this picture.
Labintatlong taong gulang na ako.,1,,I am thirteen years old.
Lasing ang taong iyon.,0,,That person is drunk.
"Limampung taong gulang na ang tito ko, pero naglalaro pa rin siya ng isport.",1,,"My uncle is fifty years old, but he still plays sports."
Limang taong gulang na ang bunso nilang anak.,1,,Their youngest child is five years old.
Limang taong gulang na ang bunso niyang anak.,1,,His youngest child is five years old.
"Limang taong nag-aral si Ariel ng Aleman, pero nakalimutan na niya.",1,,"Ariel studied German for five years, but she forgot it."
Lumayas siya noong labintatlong taong gulang siya.,1,,He ran away when he was thirteen years old.
Madaling mabudol ang taong hindi wais.,0,,It is easy to fall for a person who is not wise.
Magaspang ang balat niya dahil sa mga taong nagtrabaho siya sa labas.,1,,His skin was rough because of the people he worked with outside.
Magiging maganda ang taong ito.,0,,This year will be good.
Magiging masagana ang taong ito.,0,,This year will be prosperous.
Maglalabing-anim na taong gulang na ako sa Mayo.,1,,I will be sixteen in May.
Maglalabintatlong taong gulang na ang kapatid ko sa susunod na tag-araw.,1,,My brother will be thirteen next summer.
Maglalabintatlong taong gulang na ang kapatid ko sa susunod na tag-init.,1,,My brother will be thirteen next summer.
Maglalabintatlong taong gulang na ang kapatid kong babae sa susunod na tag-araw.,1,,My sister will be thirteen next summer.
Maglalabintatlong taong gulang na ang kapatid kong babae sa susunod na tag-init.,1,,My sister will be thirteen next summer.
Mahilig pong tsumupa ng titi ang mga taong sipsip.,0,,Sucking people like to suck dick.
Mahilig tsumupa ng titi ang mga taong sipsip.,0,,Sucking people like to suck dick.
Mahina ang mga boses ng mga taong nasa loob ng opisina.,0,,The voices of the people inside the office were weak.
Mahirap tulungan ang taong di gusto ang tulong mo.,0,,It's hard to help someone who doesn't want your help.
Mali ang taong pinugutan nila ng ulo.,0,,The person they beheaded was wrong.
"Maliban kay Tom, may tatlo pa pong taong nasugatan.",0,,"Apart from Tom, there were three other people who were injured."
"Maliban kay Tom, may tatlo pang taong nasugatan.",0,,"Besides Tom, three other people were injured."
Marami pong mga riot noong taong iyon.,1,,There were many riots that year.
Marami pong taong nag-aaral ng Hapones para magbasa ng manga.,0,,Many people learn Japanese to read manga.
Marami pong taong tamad.,0,,There are many lazy people.
Maraming mga riot noong taong iyon.,1,,There were many riots that year.
Maraming mga taong mas gustong magluto gamit ang mantikilya sa halip ng mantika.,0,,Many people prefer to cook with butter instead of oil.
Maraming mga taong nagsasabi nito.,0,,Many people say this.
Maraming taong mag-aaral sa silid-aklatan.,0,,There are many students in the library.
Maraming taong nag-aaral ng Hapones para magbasa ng manga.,0,,Many people learn Japanese to read manga.
Maraming taong nagtipon.,0,,Many people gathered.
Maraming taong nakatira sa Estados Unidos ang nagsasalita ng Espanyol.,0,,Many people living in the United States speak Spanish.
Maraming taong pumupunta sa silid-aklatan para mag-aral.,0,,Many people go to the library to study.
Maraming taong tamad.,0,,Many people are lazy.
Maraming taong umiisip na ako'y luku-luko.,0,,A lot of people think I'm crazy.
Mas maraming Budista sa Aleman ngayon kaysa sa mga taong marunong gumawa ng tsokolateng keyk.,0,,There are more Buddhists in Germany today than people who know how to make chocolate cake.
Masyadong maraming alam ang taong ito.,0,,This guy knows too much.
Masyadong maraming nalalaman ang taong ito.,0,,This person knows too much.
May dalawampu't-siyam na araw ang Pebrero sa mga taong bisyesto.,1,,February has twenty-nine days in leap years.
May dalawang uri ng tao sa mundo: ang mga taong ipinagbubukod ang mga tao sa magkakaibang klase at ang mga taong hindi gumagawa nito.,0,,There are two kinds of people in the world: those who separate people into different classes and those who don't.
May ilan pong mga taong gustong magpanukala ng mga pag-aamyenda sa konstitusiyon.,0,,There are some people who want to propose amendments to the constitution.
May ilan pong mga taong gustong magpanukala ng mga pag-aamyenda sa saligang batas.,0,,There are some people who want to propose amendments to the constitution.
May ilang mga taong gustong magpanukala ng mga pag-aamyenda sa konstitusiyon.,0,,There are some people who want to propose constitutional amendments.
May ilang mga taong gustong magpanukala ng mga pag-aamyenda sa saligang batas.,0,,There are some people who want to propose amendments to the constitution.
May ilang taong nasaktan.,0,,Some people were hurt.
May labintatlong taong namatay.,0,,Thirteen people died.
"May mga nasusunog na kotse, may mga taong namatay at walang nakatulong sa kanila.",0,,"There were burning cars, there were people who died and nobody helped them."
"May mga nasusunog na sasakyan, may mga taong namatay at walang nakatulong sa kanila.",0,,"There were burning cars, there were people who died and nobody helped them."
"May mga panahong hindi makakalimutan, mga bagay na hindi maipapaliwanag at mga taong walang kahambing.",0,,"There are unforgettable moments, inexplicable things and incomparable people."
"May mga sandaling hindi makakalimutan, mga bagay na hindi maipapaliwanag at mga taong walang katulad.",0,,"There are moments that will never be forgotten, things that cannot be explained and people that are like no other."
"May mga taong gusto ng beysbol; ang iba, ng saker.",0,,"Some people like baseball; others, of saker."
May mga taong gusto pong itama ang konstitusyon.,0,,There are people who want to correct the constitution.
May mga taong gustong itama ang konstitusyon.,0,,There are people who want to correct the constitution.
May mga taong gustong ituwid ang konstitusyon.,0,,There are people who want to amend the constitution.
May mga taong hindi mahilig sa aso.,0,,Some people don't like dogs.
May mga taong hindi nagtatanda kailanman.,0,,Some people never grow old.
May mga taong hirap umintindi ng mga ekspresyon ng mukha.,0,,Some people have difficulty understanding facial expressions.
May mga taong mas magaling lumangoy kaysa sa iba.,0,,Some people are better swimmers than others.
May mga taong mas mahusay lumangoy kaysa sa iba.,0,,Some people swim better than others.
"May mga taong nag-ebolb mula sa mga bakulaw, at may ilang hindi pa rin.",0,,"Some people evolved from gorillas, and some still haven't."
May mga taong nagsasabi na nilason si Mary.,0,,Some people say that Mary was poisoned.
May mga taong nagsasabing mapagmataas daw ako.,0,,Some people say that I am proud.
May mga taong nagsasabing mayabang daw ako.,0,,Some people say I'm arrogant.
May mga taong naniniwalang tumutubo sa ilalim ng lupa ang mga pinya.,0,,Some people believe that pineapples grow underground.
May mga taong nasaktan.,0,,Some people were hurt.
May nahanap akong talaarawang tatlumpung taong itinago ng tatay ko.,1,,I found a diary that my father kept for thirty years.
May nakita akong mga taong lumalangoy sa ilog.,0,,I saw people swimming in the river.
May nakita akong taong pumasok sa kuwarto.,0,,I saw someone enter the room.
May nakita si Ziri na grupo ng mga taong nakaupo nang paikot at nagdadasal.,0,,Ziri saw a group of people sitting in a circle and praying.
May taong dumadaldal dahil lamang may bunganga sila.,0,,Some people talk just because they have a mouth.
May taong naghihintay sa labas.,0,,Someone is waiting outside.
May taong naniniwala na sakit ang tumatanda.,0,,Some people believe that aging is a disease.
May taong walang budhi ng rasa.,0,,There are people who have no racial conscience.
"Mayaman siya, ngunit ang buhay niya'y parang taong nagpapalimos.",0,,"He is rich, but his life is like that of a beggar."
Mayroon pong dalawampu't-siyam na araw ang Pebrero sa mga taong bisyesto.,1,,February has twenty-nine days in leap years.
Mayroon pong mga taong naniniwalang tumutubo sa ilalim ng lupa ang mga pinya.,0,,There are people who believe that pineapples grow underground.
Mayroon pong taong naghihintay sa labas.,0,,There is already someone waiting outside.
Mayroong dalawampu't-siyam na araw ang Pebrero sa mga taong bisyesto.,0,,February has twenty-nine days in leap years.
Mayroong mga taong naniniwalang tumutubo sa ilalim ng lupa ang mga pinya.,0,,There are people who believe that pineapples grow underground.
Mayroong taong naghihintay sa labas.,0,,There is someone waiting outside.
Mukhang 19 taong gulang iyong mestiza na iyon.,1,,That mestiza looks like 19 years old.
Nag-umpisa akong mag-aral ng Pranses noong labintatlong taong gulang ako.,1,,I started learning French when I was thirteen years old.
Nag-umpisa siyang mag-aral ng Ingles sa edad na labing-isang taong gulang.,1,,He started studying English at the age of eleven.
Nagbangka ang mga taong papuntang bangko.,0,,People went by boat to the bank.
Naghahanap kami ng taong matatas sa Pranses.,0,,We are looking for someone fluent in French.
Naghahanap si Mary ng taong katulad ni Tom.,0,,Mary is looking for someone like Tom.
Naghiwalay sila pagkatapos ng dalawampung taong pagsasama.,1,,They separated after twenty years of marriage.
Naglakad sina Tom at Mary sa mataong bangketa.,0,,Tom and Mary walked down the busy sidewalk.
Naglayas siya noong labintatlong taong gulang siya.,1,,He ran away when he was thirteen years old.
Nagpakamatay si Osamu Dazai sa edad na tatlumpu't-siyam na taong gulang.,1,,Osamu Dazai committed suicide at the age of thirty-nine.
Nagpakasal siya sa edad na labing-anim na taong gulang.,1,,He got married at the age of sixteen.
Nagsimula akong mag-aral ng Pranses noong labintatlong taong gulang ako.,1,,I started learning French when I was thirteen years old.
Nagsimula siyang mag-aral ng Ingles sa edad na labing-isang taong gulang.,1,,He started studying English at the age of eleven.
Nagsisimula nang humina ang pandinig ko sa edad na limampung taong gulang.,1,,My hearing started to fail at the age of fifty.
Nagtatag ng ilang mga pamantayan ang taong-bayan.,0,,The townspeople established certain standards.
Naiinggit ako sa mga taong kain lang ng kain at hindi tumataba.,0,,I envy people who just eat food and don't gain weight.
Nakainom ang taong iyon.,0,,That person has been drinking.
Nakakaaburido ang taong parating pinag-uusapan ang sarili.,0,,A person who always talks about himself is boring.
Nakakainis ang mga taong palaging nagtatampo.,0,,People who are always sulking are annoying.
Nakapagtrabaho siya hanggang 75 taong gulang dahil sa kanyang malusog na katawan.,1,,He was able to work until he was 75 years old because of his healthy body.
Nakarinig ka na ba ng taong nagsasalita ng Esperanto?,0,,Have you ever heard someone speak Esperanto?
Nakatira ako sa isang bahay na itinayo noong taong 2013.,1,,I live in a house that was built in the year 2013.
Nakita ko 'yong taong pumasok sa silid.,0,,I saw the person who entered the room.
Nakita ng pulis ang taong pumatay sa kanya.,0,,The police found the person who killed him.
Namatay ang kanyang ina noong labing-isang taong gulang siya.,1,,His mother died when he was eleven years old.
Namatay ang tatay ko noong labintatlong taong gulang ako.,1,,My father died when I was thirteen years old.
"Namatay si Dmitri Mendeleev noong ikalawa ng Pebrero, taong 1907.",1,,"Dmitri Mendeleev died on February 2, 1907."
Namatay si Niels Bohr noong ika-18 ng Nobyembre taong 1962.,1,,"Niels Bohr died on November 18, 1962."
Namit ko ang mga taong mabait.,0,,I like nice people.
Napapalibutan ako ng mga taong hindi tapat.,0,,I was surrounded by dishonest people.
Nasa Hokkaido ka ba isang taong nakalipas?,1,,Were you in Hokkaido a year ago?
Natuto akong magbisikleta noong anim na taong gulang ako.,1,,I learned to ride a bicycle when I was six years old.
Natuto akong magmotor noong labing-anim na taong gulang ako.,1,,I learned to ride a motorcycle when I was sixteen years old.
Natuto akong magmotorsiklo noong labing-anim na taong gulang ako.,1,,I learned to ride a motorcycle when I was sixteen years old.
Natuto pong sumisid si Tom noong limang taong gulang siya.,1,,Tom learned to dive when he was five years old.
Natutong sumisid si Tom noong limang taong gulang siya.,1,,Tom learned to dive when he was five years old.
Natutunan ni Tom na sumisid noong limang taong gulang siya.,1,,Tom learned to dive when he was five years old.
Ngayon pa lang ako nakakita ng taong umiiyak habang tumatawa.,0,,I just saw a person crying while laughing.
Nirerespeto siya ng bawat taong nakakakilala sa kanya.,0,,Everyone who knows him respects him.
Noon ay sampung taong gulang lang siya.,1,,He was only ten years old then.
"Noong huli kitang makita, labintatlong taong gulang ka pa lang.",1,,"When I last saw you, you were only thirteen years old."
Pakikinabangan iyan ng taong-bayan.,0,,That will benefit the townspeople.
Pakikinabangan iyon ng taong-bayan.,0,,That will benefit the people of the town.
Paniwala ko'y tumuloy ang Dantaong Digmaan—nang sapat na matagal. Mas ganap ang sabi: masyadong matagal.,1,,I think the Ancient War has gone on—long enough. More fully said: too long.
"Para sa isang taong may martilyo, ang lahat ng bagay ay mukhang pako.",0,,"To a person with a hammer, everything looks like a nail."
"Para sa isang taong may pamukmok, ang lahat ng bagay ay mukhang pako.",0,,"To a person with a crush, everything looks like a nail."
Parami na nang parami ang mga taong nag-aalaga ng baka.,0,,More and more people are raising cattle.
Parang walang taong nakatira sa kasita.,0,,No one seems to live in the village.
"Pasensya na, hindi ako nagpapasok ng mga taong hindi ko kilala.",0,,"Sorry, I don't admit people I don't know."
Patay iyong taong iyon.,1,,That person is dead.
Pinagtataguan ko ang mga taong inutangan ko.,0,,I hide the people I owe money to.
Pumanaw ang tatay ko noong labintatlong taong gulang ako.,1,,My father passed away when I was thirteen years old.
"Pumanaw si Dmitri Mendeleev noong ikalawa ng Pebrero, taong 1907.",1,,"Dmitri Mendeleev passed away on February 2, 1907."
Pumanaw si Niels Bohr noong ika-18 ng Nobyembre taong 1962.,1,,"Niels Bohr passed away on November 18, 1962."
Pumunta ako sa Australia noong taong 2013.,1,,I went to Australia in the year 2013.
Punong-puno ang liwasan ng mga taong may kasamang bata.,0,,The square was full of people with children.
Punong-puno ang parke ng mga taong may kasamang bata.,0,,The park was full of people with children.
Sa taong 2012 magiging 125 taon na ang Esperanto.,1,,In the year 2012 Esperanto will be 125 years old.
Sa taong ito may sampung elepante ang sirko.,1,,This year the circus has ten elephants.
"Sa tingin ko, hindi si Tom ang taong dapat kinakausap mo.",0,,I don't think Tom is the person you should be talking to.
"Sa tingin ko, magtatanim na lang ako ng mais sa halip ng patatas sa taong ito.",1,,I think I'll just plant corn instead of potatoes this year.
Sa tingin mo ay mukhang bata ang Mama para sa isang taong higit sa 80 taong gulang.,1,,You think Mama looks young for someone over 80 years old.
Saan kami makakahanap ng ipapakain sa nagugutom na mga taong ito?,0,,Where can we find food to feed these hungry people?
Saan kami makakahanap ng pagkain para ipakain sa nagugutom na mga taong ito?,0,,Where can we find food to feed these hungry people?
Saan tayo makakahanap ng ipapakain sa nagugutom na mga taong ito?,0,,Where can we find food to feed these hungry people?
Saan tayo makakahanap ng pagkain para ipakain sa nagugutom na mga taong ito?,0,,Where can we find food to feed these hungry people?
"Sabado bukas, ikalima ng Pebrero, taong 2011.",1,,"Saturday tomorrow, the fifth of February, year 2011."
"Sabi ko kay Greg nitong ika-18 ng Disyembre ng 2022 sa tsaahang ang taong pumalit mula sa ibang relihiyon at naging Hudyo ay ""ger"" ang tawag sa Hebreo.",0,,"I told Greg on December 18th, 2022 at tea that the person who converted from another religion and became a Jew is called ""ger"" in Hebrew."
Salamat sa lahat ng mga taong nagsasalin ng mga pangungusap ko.,0,,Thanks to all the people who translate my sentences.
"Si Dimitri Mendeleev ay ipinanganak noong ika-7 ng Pebrero, taong 1834.",1,,"Dimitri Mendeleev was born on February 7, 1834."
Si Muriel ay 20 taong gulang.,1,,Muriel is 20 years old.
Si Tom ang huling taong gusto kong makita ngayon.,0,,Tom is the last person I want to see right now.
Si Tom ang klase ng taong mahilig makipagtalo para lang makipagtalo.,0,,Tom is the kind of person who likes to argue just for the sake of arguing.
Si Tom ay isa pong labintatlong gulang na taong binata.,1,,Tom is a thirteen year old young man.
Si Tom ay isang labintatlong gulang na taong binata.,0,,Tom is a thirteen year old young man.
Sila ang mga taong dinidiyos.,0,,They are the deified people.
Sinabi ni Tom na siya ay tatlumpung taong gulang.,1,,Tom said he was thirty years old.
Sinimulan ko pong mag-aral ng Pranses noong labintatlong taong gulang ako.,1,,I started learning French when I was thirteen years old.
Sinimulan kong mag-aral ng Pranses noong labintatlong taong gulang ako.,1,,I started learning French when I was thirteen years old.
Sinisipsip ni Tom ang hinlalaki niya hanggang tatlong taong gulang.,1,,Tom sucks his thumb until he is three years old.
Sino ang pinakamatalinong taong kilala mo?,0,,Who is the smartest person you know?
Sino ang taong ito?,0,,Who is this person?
Sinulat niya ang aklat na ito noong siya ay dalawmpung taong gulang.,1,,He wrote this book when he was twenty years old.
Siya ang huling taong inaasahan kong makita sa ganoong klaseng lugar.,0,,He was the last person I expected to see in such a place.
Siya ang pinakahuling taong nagsinungaling.,0,,He was the last person to lie.
Siya ang pinakatamad na taong kilala ko.,0,,He is the laziest person I know.
Siya ang taong hindi nakakaramdam ng galak.,0,,He is the person who does not feel joy.
Siya ay labindalawang taong gulang. Matangkad siya para sa kanyang edad.,1,,He is twelve years old. He is tall for his age.
Siya'y taong maaasahan.,0,,He is a reliable person.
Siyam na taong gulang na ang apo ko.,1,,My grandson is nine years old.
Siyamnapung taong gulang ang lolo ko at napakalakas niya.,1,,My grandfather is ninety years old and he is very strong.
"Sumabog ang Challenger noong ikalabingwalo ng Enero, taong 1986.",1,,"The Challenger exploded on January 18, 1986."
Sumakabilang-buhay ang tatay ko noong labintatlong taong gulang ako.,1,,My father died when I was thirteen years old.
"Sumakabilang-buhay si Dmitri Mendeleev noong ikalawa ng Pebrero, taong 1907.",1,,"Dmitri Mendeleev died on February 2nd, 1907."
Sundan mo ang taong iyon.,0,,Follow that person.
Taon-taong may salusalo sa bahay ng kapatid ko.,1,,Every year there is a party at my brother's house.
"Tatlong taong gulang pa lang siya, pero gayon pa man, magaling siyang magbasa.",1,,"He is only three years old, but still, he can read well."
Tatlong taong nasa puwesto si Tom.,1,,Tom has been in office for three years.
Tatlumpu't tatlong aklat ang nabasa niya sa taong ito.,1,,He read thirty-three books this year.
Tatlumpu't tatlong libro ang nabasa niya sa taong ito.,1,,He read thirty-three books this year.
Tatlumpung taong gulang ka na.,1,,You are thirty years old.
Tatlumpung taong gulang na ako ngayon.,1,,I am thirty years old now.
Tatlumpung taong gulang na kayo.,1,,You are thirty years old.
Tatlumpung taong gulang na siya.,1,,He is thirty years old.
Tinatahulan ng aso ko ang mga taong hindi niya kilala.,0,,My dog ​​criticizes people he doesn't know.
"Tinatamaan nito, hingit sa lahat, ang mga taong mahina ang depensa.",0,,"It hits, above all, people with weak defenses."
Wala akong kilala sa mga taong nasa larawan.,0,,I don't know any of the people in the picture.
Wala akong kilala sa mga taong nasa litrato.,0,,I don't know any of the people in the photo.
Wala akong nakikilala sa mga taong nasa larawan.,0,,I don't recognize any of the people in the picture.
Wala akong nakikilala sa mga taong nasa litrato.,0,,I don't recognize any of the people in the photo.
Wala akong sasabihin sa taong iyan.,0,,I won't say anything to that person.
Wala pang limang taong gulang si Cookie.,1,,Cookie is less than five years old.
Wala pong nabubuhay nang hanggang dalawang daang taong gulang.,1,,No one lives to be two hundred years old anymore.
Walang dudang may mga taong ganito mag-isip.,0,,No doubt there are people who think like this.
Walang dudang may mga taong ganoon mag-isip.,0,,No doubt there are people who think like that.
Walang dudang may mga taong ganyan mag-isip.,0,,No doubt there are people who think like that.
Walang gaanong taong kayang gawin ito.,0,,Not many people can do this.
Walang lumalabas na taong may ganyang pangalan sa listahan ng eskuwela.,0,,No one with that name appears on the school list.
Walang lumalabas na taong may ganyang pangalan sa listahan ng eskuwelahan.,0,,No one with that name appears on the school list.
Walang lumalabas na taong may ganyang pangalan sa listahan ng paaralan.,0,,No person with that name appears on the school list.
Walang lumalabas na taong may ganyang pangalan sa rehistro ng eskuwela.,0,,No one with that name appears in the school register.
Walang lumalabas na taong may ganyang pangalan sa rehistro ng eskuwelahan.,0,,No one with that name appears in the school register.
Walang lumalabas na taong may ganyang pangalan sa rehistro ng paaralan.,0,,No person with that name appears in the school register.
Walang lumalabas na taong may ganyang pangalan sa talaan ng eskuwela.,0,,No one with that name appears in the school records.
Walang lumalabas na taong may ganyang pangalan sa talaan ng eskuwelahan.,0,,No one with that name appears in the school records.
Walang lumalabas na taong may ganyang pangalan sa talaan ng paaralan.,0,,No one with that name appears in the school records.
Walang nabubuhay nang hanggang dalawang daang taong gulang.,1,,No one lives to be two hundred years old.
Walang taong hindi makasalanan.,0,,No one is sinless.
Walang taong hindi nagmamahal sa kanyang pamilya.,0,,There is no one who does not love his family.
Walang taong makakaalam ng lahat.,0,,No one can know everything.
Walong taong gulang ako noong namatay ang aking ama.,1,,I was eight years old when my father died.
Walong taong gulang na siya.,1,,He is eight years old.
Yumao ang tatay ko noong labintatlong taong gulang ako.,1,,My father passed away when I was thirteen years old.