Sentence,"silang - [1: 'sílang', 0: 'siláng']"
Agad ko silang sinubukang pakalmahin.,0
Ang bundok ay nagsilang ng isang daga.,1
Ang itlog ay ang pandaigdigang simbolo ng buhay at muling pagkasilang.,1
Ang sabi nila handa na raw silang umalis.,0
"Ang sabi nila, magaling daw silang lumangoy.",0
Araw at gabi silang pinagtrabaho ng amo.,0
Ayaw ko silang pag-usapan.,0
Ayaw ko silang samantalahin.,0
Ayaw mo ba silang makita?,0
"Bagama't may pag-aalala tungkol sa paglaki ng mga bata, walang kasiguraduhan kung dapat ba silang bigyan ng higit pang kalayaan.",0
Bayaw ko silang lahat.,0
Bulag siya mula pagkasilang.,1
Dahan-dahan silang umabante.,0
Dali-dali silang lumabas.,0
Dapat namin silang bigyan ng tulong.,0
Dapat namin silang sundan.,0
Dapat natin silang bigyan ng tulong.,0
Dapat natin silang sundan.,0
Dapat silang alisin.,0
Dapat silang magpasalamat kay Tom.,0
Dapat silang tanggalin.,0
Dati silang nagtitinda ng itlog.,0
Gamitin mo silang lahat.,0
Gusto ko silang makita.,0
Gusto mo silang mag-ingles para maging parang Amerikano sila. Magaling ba iyon?,0
Gusto silang pareho ni Tom.,0
Hayaan mo silang sumakay.,0
Hayaan ninyo silang sumakay.,0
"Hinala ko , wala na silang lahat.",0
"Hinala ko, wala na silang lahat.",0
"Hindi ako makapaniwala na natulog silang magkasama! ""Bakit hindi? Walang kakaiba na isama mo ang teddy bear sa kama.""",0
Hindi dapat natin silang pabayaan.,0
Hindi nasarapan si Mary nang una silang magtalik ni Tom.,0
Hindi nasiyahan si Mary kahit buong gabi silang nagkantutan ni Tom.,0
Hindi pa ako nakakakita ng isinisilang na bulo.,1
Hiniling ng ama nila na pumunta silang lahat sa bahay bukas.,0
Huwag mo silang alalahanin.,0
Huwag mo silang pakikinggan.,0
Huwag mo silang pakinggan.,0
Huwag mo silang pansinin.,0
Huwag mo silang saktan.,0
Huwag mo silang sasaktan.,0
Huwag natin silang padaanin sa geyt.,0
Huwag ninyo silang iwanan nang mag-isa.,0
Huwag ninyo silang iwanan nang walang kasama.,0
Huwag ninyo silang pakikinggan.,0
Huwag ninyo silang pakinggan.,0
Huwag ninyo silang pansinin.,0
Huwag ninyo silang saktan.,0
Huwag ninyo silang sasaktan.,0
Iginigiit nilang may nahanap silang tubig sa buwan. Naniniwala ka ba?,0
Ilang beses sa isang linggo silang kumukulekta ng basura sa lungsod na ito?,0
Kabuhayan silang gumagawa.,0
Kabuhayan silang lumilikha.,0
Kailangan ko silang bawiin.,0
Kailangan ko silang mabawi.,0
Kailangan mo lang silang pagsamahin.,0
Kailangan mo silang lutuin nang hiwalay.,0
"Kapag malaman ng aking mga magulang na pumarito ka, maaari silang gumawa ng bagay na hindi kanais-nais.",0
Kapwa silang naghahangaan.,0
Kaya mo ba silang ilarawan?,0
Kilala ko silang lahat.,0
Kukunin ko silang pareho.,0
Kumikinang silang parang mga bituin sa loob ng marumi at madilim na gusali.,0
Kumikislap silang parang mga bituin sa loob ng marumi at madilim na gusali.,0
Kung nag-iingles sila'y para silang umiiyak.,0
Labing-isa silang magkakapatid.,0
Lagi silang nag-aaway.,0
"Limang taon na silang kasal, pero wala silang balak na magkaanak.",0
Maaari mo ba silang ilarawan?,0
Maaari na silang pumasok ngayon.,0
Maaari na silang umalis.,0
Maaari silang maghintay dito.,0
Maaga silang uuwi mula sa eskuwelahan.,0
Maayos silang tingnan.,0
Mabilis silang kumain.,0
Madalas silang mag-away dahil sa kanilang paniniwalang pampolitika.,0
Madalas silang magbulakbol.,0
"Madalas silang nag-uusap, harap-harapan at sa pamamagitan ng telepono.",0
"Magaling silang mangmamanyika, pero halatang-halata naman.",0
"Magaling silang mangmamanyika. ""Oo, nga. Magaganda ang mga manyika.""",0
"Magaling silang mangmamanyika. ""Oo, nga. Makulay-kulay ang mga manyika.""",0
"Magaling silang mangmamanyika. ""Oo, nga. Marikit ang mga manyika.""",0
"Magaling silang mangmamanyika. ""Oo, nga. Nakakatuwa ang mga manyika.""",0
"Magaling silang mangmamanyika. ""Oo, nga. Nakakatuwa at magaganda ang mga manyika.""",0
"Magaling silang mangmamanyika. ""Oo, talaga. Nakakatuwa ang mga manyika.""",0
"Magaling silang mangmamanyika. ""Oo, talaga. Nakakatuwa at magaganda ang mga manyika.""",0
Maganda silang tingnan.,0
Magdamag silang nagsayawan.,0
Magkahiwalay silang tumira.,0
Magkasama silang bumalik mula sa sinehan.,0
Magkasama silang nagbakasyon.,0
Magkasama silang nagtrabaho sa proyektong ito.,0
Magsisimula silang mamigay ng mga heringgilya at karayom nang libre sa mga adik.,0
Magsisimula silang mamigay ng mga heringgilya at karayom nang libre sa mga drugista.,0
Magsisimula silang mamigay ng mga heringgilya at karayom nang libre sa mga lulong sa droga.,0
Mahilig silang kumain ng kilawin.,0
Malabo silang magpakasal.,0
Malakas ba silang manigarilyo?,0
Marami silang pinagdaanang hirap.,0
Marunong silang magsalita ng Espanyol.,0
Mas para silang Budistang monghang hindi interesadong mag-asawa.,0
Mas para silang Budistang mongheng hindi interesadong mag-asawa.,0
Masarap silang magluto.,0
Masyado silang malaki.,0
Masyado silang nag-aalala.,0
Masyadong malakas magsalita ang mga kabataang ito kapag nag-uusap sila at wala silang pakialam sa mga nasa paligid nila.,0
Matagal na silang nawalan ng relihiyon.,0
May apat silang klase sa umaga.,0
May balak silang patayin ang hari.,0
May inampon silang batang babae.,0
May iniimbestigahan silang krimen.,0
May kinupkop silang batang babae.,0
May mga ninakaw silang kabayo at baka.,0
May nahukay silang kahong naglalaman ng mga labi ng tao.,0
May nakikita silang bahay.,0
May nakita raw silang aswang!,0
May nakita raw silang mga aswang!,0
May nakita raw silang mga tikbalang!,0
May nakita raw silang tikbalang!,0
May nakita silang daga.,0
Mayroon silang isang oras.,0
Mayroon silang kanser.,0
Mukha silang europeo.,0
Mukha silang malusog.,0
Mukhang masaya silang lahat.,0
Nabisto ko silang naghahalikan.,0
Nag-uunahan silang makatuklas ng lunas sa kanser.,0
Nagdesisyon silang magpakasal.,0
Nagkasundo silang magkaroon ng tigil-putukan.,0
Nagmukmok silang magdamag.,0
"Nagpagupit ka ba? ""Hindi, pinagupit ko silang lahat.""",0
Nagpasya silang magpakasal.,0
Nagpuyat silang leyt nang nagdadaldalan.,0
Nagsalita silang nagkakape.,0
Nagsilang ang baka ng isang bulong dalawa ang ulo.,1
Nagsilang ang baka ng isang bulong may dalawang ulo.,1
Nagsilang ng daga ang bundok.,1
Nagsimula silang magpaputok.,0
Nagsimula silang mamaril.,0
Nagsinungaling silang nakarating na sila sa buwan.,0
Nagtangka silang tumakas.,0
Nahihirapan silang maghuntahan sa mga Taga-Kanluran.,0
Nahihirapan silang umintindi ng Budismo.,0
Nahuli ko silang naghahalikan.,0
"Nakakailang pumasok sa bahay na iyon, kasi may tampo silang lahat sa isa't-isa.",0
Nakakaintindi ba silang dalawa ng Pranses?,0
Nakakulambo silang magdamag sa gabi.,0
Nakita mo ba silang sumakay?,0
Nakita namin silang umalis.,0
Nakita natin silang umalis.,0
Nalulungkot akong isang buong buwan ko silang hindi nakikita.,0
Nalunod silang lahat.,0
Nanatili silang sabay nang isa pang araw.,0
"Nang makita ko sina Tom at Maria, agad ko silang nakilala.",0
"Nang pagbalik niya galing sa trabaho, nasa bahay ang asawa niya at puwede silang kumain nang kasabay.",0
Naniwala silang ang pagkakataong iyon ay magiging iba; na ang kanilang mga boses ay ang kaibhan.,0
Napilitan silang umatras.,0
Narinig ko silang nagdedebate.,0
"Narinig nila ang mga daing namin, pero wala naman silang ginawa.",0
Nasa taas silang lahat.,0
"Natatakot silang nasa labas ng bahay, dahil kapag nakikita nila ang kalikasan—ang mga puno, ang langit, ang ulap, at iba pa—nararamdaman nila ang ""tunay"" na diyos.",0
Natutunan ko silang pagkatiwalaan.,0
Ngunit tao silang lahat.,0
"Noong nalugi ang kanilang negosyo, nagsimula silang magbenta ng sasakyan.",0
"Noong nasa Tokyo ako, may maraming Taga-Irang nagtratrabaho sa konstruksiyon doon. Madalas silang magsama-sama sa parke, at may malaking balde sila ng tsaa para sa lahat nila.",0
"Paggising sa umaga, nanumpa sila sa isa't-isa: at mapayapa silang pinaalis ni Isaac patungo sa kanilang bahay.",0
"Paggising sa umaga, nanumpa sila sa isa't-isa: at mapayapa silang pinaalis ni Isaac patungo sa kanilang tahanan.",0
"Paggising sa umaga, nanumpa sila sa isa't-isa: at mapayapa silang pinaalis ni Isaac patungo sa kanilang tirahan.",0
"Pagkatapos ng mahabang diskusyon, may naisip silang plano.",0
"Pagkatapos ng mahabang pag-uusap, may naisip silang plano.",0
"Pagkatapos ng mahabang talakayan, may naisip silang plano.",0
Pagod na pagod sila dahil dalawang araw na silang nagtatrabaho nang dere-deretso.,0
Palagi silang nag-aaway sa mga maliliit na bagay.,0
Palagi silang nag-aawayan.,0
Palagi silang nagbabangayan.,0
Palagi silang nagkokodswits at hindi bagay sa kanila.,0
Palagi silang tinutukso ng mga kaklase nila.,0
Para silang Igorot.,0
Para silang karpintero. Lagari nang lagari.,0
Para silang matsing na walang balahibo.,0
Para silang pinagbiyak na bunga ng kuya niya.,0
"Parati na lamang silang ""Tom"" nang ""Tom."" Sino ba siya?",0
Parati silang nakasimangot.,0
Parehas silang nanggagaling sa parehong bansa.,0
Pareho ko silang hinahangaan.,0
Pareho silang gusto ni Tom.,0
Pareho silang mahilig sa isport.,0
"Pareho silang manhid, kaya hindi nila napapansin kapag may nasasaktan na silang iba.",0
Pareho silang may suot na uniporme.,0
Pareho silang may suot-suot na uniporme.,0
Pareho silang nagbatuhan ng mga bote.,0
Pareho silang nakahubad.,0
Pareho silang nakasuot ng uniporme.,0
Pareho silang nakauniporme.,0
Parehong oras silang dumating sa Paris.,0
Pinagbawalan silang umalis ng otel.,0
Pumunta kami ng pamilyang Ogasawara sa Bundok Fuji. Sayang at di ko dinala ang kamera ko. Mayroon silang ikalawang bahay sa bukid. May malapit na publikong paliguan.,0
Pumunta silang lahat doon.,0
Puwede ba silang magsalita nang mas dahan-dahan?,0
Puwede mo ba silang ilarawan?,0
Puwede mo silang pagkatiwalaan.,0
Puwede na silang pumasok ngayon.,0
Puwede silang maghintay dito.,0
Puwede silang maghintay sa akin dito.,0
Puwede silang pumarada rito.,0
"Sa tingin ko, maganda silang tingnan.",0
Sabay silang bumalik mula sa sinehan.,0
Sabay silang nag-umpisa.,0
Sama-sama silang nangolekta ng mga bulaklak.,0
"Sigaw ng Mama, ""Para silang bumbilya!"" Ang isip niya'y ang tao'y walang kabilang buhay pagka namatay na, parang pundidong bumbilya.",0
"Sina Ken at Meg, pareho ko silang kaibigan.",0
Sinabi ko sayong wag silang kausapin.,0
Sinabi nilang mahusay daw silang lumangoy.,0
Sinasabi nilang masarap silang magluto.,0
Sinenyasan niya silang tumigil.,0
"Sospetsa ko , wala na silang lahat.",0
"Sospetsa ko, wala na silang lahat.",0
Sumisigaw silang lahat.,0
Taga-Canada silang dalawa.,0
Takot sila sa mga puno dahil mas mahaba ang buhay nila at wala silang ginagawa.,0
Takot silang lumalagpak ang mga dilaw na dahon sa kalye mismo nila.,0
Tumanggi silang tumulong sa amin.,0
Tumanggi silang tumulong sa atin.,0
Wala na silang asukal.,0
Wala na silang ganang kumain ng mansanas.,0
Wala silang alam dito.,0
Wala silang alam diyan.,0
Wala silang alam doon.,0
Wala silang alternatibong pagkukunan ng enerhiya.,0
"Wala silang balbas, buhok ni kilay.",0
Wala silang hiningi sa inyo.,0
Wala silang ibang kamag-anak.,0
Wala silang ideya kung sino ang pumatay.,0
Wala silang inalok sa akin na inumin.,0
Wala silang inalok sa akin na maiinom.,0
Wala silang karapatan sa ari-arian.,0
Wala silang kinalaman sa isa't isa.,0
Wala silang kotse.,0
Wala silang laman.,0
Wala silang magawa.,0
Wala silang matitirhan.,0
Wala silang mga gamot.,0
Wala silang naisalba maliban sa iilang kagamitan.,0
Wala silang naisalba maliban sa kakaunting mga kagamitan.,0
Wala silang nakitang mga elepanteng anim ang paa.,0
Wala silang nalalaman dito.,0
Wala silang nalalaman diyan.,0
Wala silang nalalaman doon.,0
Wala silang napansing kahina-hinala.,0
Wala silang pakialam sa daing ng mga tao.,0
Wala silang relihiyon.,0
Wala silang saksi sa krimen.,0
Wala silang sapat na pera.,0
Wala silang sinulat.,0
Wala silang tiwala sa mga tao.,0
Wala silang tiwala sa sangkatauhan ng daigdig na ito.,0
Wala silang tsoys kundi umalis.,0
Wala silang ugnayan.,0
Walang may alam ng nararamdaman ng mga bagong silang.,1
Walang nakakaalam ng nararamdaman ng mga bagong silang.,1