Sentence,"bukas - [0: 'búkas', 1:'bukás']",,
Aalis akong papuntang Estados Unidos bukas.,0,,I'll leave the United States tomorrow.
Aalis kami bukas.,0,,We will leave tomorrow.
Aalis si Tom ng Kobe bukas ng umaga.,0,,Tom will leave Kobe tomorrow morning.
Aalis tayo bukas nang umaga.,0,,We will leave tomorrow morning.
Aalis tayo bukas.,0,,We will leave tomorrow.
Abala ako bukas.,0,,I'm busy tomorrow.
Ako ay magtatrabaho buong araw bukas.,0,,I will work all day tomorrow.
Alam ba ninyo kung anong oras nagbubukas ang tanggapan ng koreo?,1,,Do you know what time the post office opens?
Alam ko na kaya kong gawin iyan bukas.,0,,I know I can do that tomorrow.
Alam mo ba kung anong oras nagbubukas ang tanggapan ng koreo?,1,,Do you know what time the post office opens?
Ang araw bukas makalawa ay Linggo.,0,,The day tomorrow is Sunday.
"Ang babae ang Yin ng Yin-Yang. Sila pa ang mas destruktibo, at sila pa ang nanganganak. At hindi nila iniisip ang kinabukasan! Mas konstruktibo ang lalaki, ang Yang. Mas iniisip ng lalaki ang kinabukasan.",0,,"The woman is the yin of Yin-Yang. They are more destructive, and they are still giving birth. And they don't think about the future! The man is more constructive, the yang. The man thinks more the future."
Ang bukas ay hindi na darating.,0,,Tomorrow will never come.
Ang kabataan ay ang pag-asa ng kinabukasan.,0,,Youth is the hope of the future.
Ang kinabukasan ay depende sa atin at sa ating henerasyon.,0,,The future depends on us and our generation.
"Ang Korea ay isang pagbubukas ng mata para sa akin. Nandoon ako para magrinyu ng pangtrabahong bisa ko para sa Hapon. Noong aking tigil, hindi ko pa kabisado ang Koreanong pagsusulat. Ipinagmamalaki ng mga eskinita at mga gusali ang mga makukulay na senyas sa matibay na pagkakasulat. Bumili ako ng iba't ibang kakaibang maskara para palamutihan ang aking mga dingding sa bahay. Kumain ako ng maanghang na pulang-naranghang pagkain. Makalipas ang ilang taon, mabibigkas ko na ang mga salitang Koreanong ang kahulugan ay isang pagtingin lang sa diksiyonaryo.",1,,"Korea is an eye opening for me. I was there to give my work for the afternoon. When I stopped, I didn't even know Korean writing. Eschy and buildings boast colorful signals in strong writing. I bought a variety of unique masks to decorate my walls at home. I ate spicy red-shaped food. A few years later, I could say that Korean words meaning is just a view of the dictionary."
Ang manunulat ng siyensiyang piksiyong librong Starship & Haiku ay ang Taylandes na si Somtow Sucharitkul. Nabasa ko na itong tungkol sa kinabukasang mundong nawasak nang gera at polusyon. May binanggit na balyena at sasakyang pangkalawakan.,0,,The writer of the scientific science of the Starship & Haiku book is the Thailance Sometow Sucharitkul. I have read it about the future world that has been destroyed by war and pollution. There is a whale and space of space.
Ang No. 6 ay animeng Hapong pinanood ko na. Tungkol ito sa panahong postapokaliptikong may mga ilang siyudad-estadong ultraabansadong nakakalat sa kinabukasang mundo. Sila ang ilan sa mga desendiyente ng mga nakaligtas sa malaking gera nang ilang siglo na ang nakalipas.,0,,The No. 6 is an old afternoon I've watched. This is about the postapophalist period with some Ultrasian city-states scattered in the future world. They were some of the dedications of those who survived the big war a few centuries ago.
Ang pulong ay magaganap bukas.,0,,The meeting will take place tomorrow.
Ang realidad ay mukhang iba sa kinabukasan na hinintay natin.,0,,The reality looks different from the future we are waiting for.
"Ang sabi ni Tom, hindi raw niya pinaplanong pumunta bukas.",0,,Tom says he doesn't plan to go tomorrow.
"Ang sabi ni Tom, wala raw siyang planong pumunta bukas.",0,,Tom says he has no plans to go tomorrow.
"Ang sabi sa radyo, magiging malamig daw bukas.",0,,The radio says it will be cold tomorrow.
Ang silid ay pipintahan bukas.,0,,The room will be painted tomorrow.
Ang wikang Fremen ay wika ng katauhang Fremen sa disyertong planetang Arrakis sa siyensiyang piksiyong prangkisang Dune ni Frank Herbert. Hinango ang wikang guniguning Fremen sa wikang antigong Arabe ng Tiyera. Ang eksena'y libu-libong taon sa kinabukasan.,0,,The Fremen language is the language of the Fremen personality on the Decisor Planet Arrakis in Frank Herbert's frankly -packed franchise dune. The Fremen language language is derived from the Arabic Arabic language. The scene is thousands of years in the future.
"Ano'ng araw bukas? ""Miyerkules."" ""Ang ibig kong sabihin, ano'ng petsa?"" ""Ikalabing-anim.""",0,,"What day is it tomorrow? ""Wednesday."" ""I mean, what's the date?"" ""Sixteenth."""
Anong gusto niyong gawin bukas?,0,,What do you want to do tomorrow?
Anong mga plano ang mayroon ka bukas nang gabi?,0,,What plans do you have tomorrow night?
Anong oras nagbubukas ang mga bangko?,1,,What time do banks open?
Anong oras nagbubukas?,1,,What time does it open?
Ayaw ni Tom magtrabaho bukas.,0,,Tom doesn't want to work tomorrow.
"Ayon sa balita, babagyo bukas.",0,,"According to the news, it will be open tomorrow."
"Ayon sa balita, babagyo raw bukas.",0,,"According to the news, it will be open tomorrow."
"Ayon sa mga diyaryo, uulan daw ng niyebe bukas.",0,,"According to the newspapers, it will rain tomorrow."
"Ayon sa radyo, uulan bukas.",0,,"According to the radio, it rains tomorrow."
"Ayon sa radyo, uulan daw bukas.",0,,"According to the radio, it rains tomorrow."
Babagyo bukas ayon sa balita.,0,,Storm tomorrow according to the news.
Babalik ako bukas kung kaya ko.,0,,I'll be back tomorrow if I can.
Babalik ba kayo bukas?,0,,Will you come back tomorrow?
Babalik ka ba bukas?,0,,Will you come back tomorrow?
Babalik siya bukas o sa makalawa.,0,,He will return tomorrow or later.
Babalik siya bukas.,0,,He will come back tomorrow.
Baka ang sibilisasyon sa kinabukasan ay para sa mga tao-tauhan at di makatao.,0,,Maybe civilization in the future is for people who are human and inhuman.
Baka hindi siya pumunta rito bukas.,0,,Maybe he won't come here tomorrow.
Baka mag-aral ng pranses si Tom bukas.,0,,Tom might study French tomorrow.
Baka makapunta ako bukas.,0,,Maybe I'll go tomorrow.
Baka makatulong ako sa inyo bukas.,0,,I might help you tomorrow.
Baka makatulong ako sa iyo bukas.,0,,I might help you tomorrow.
Baka matulungan kita bukas.,0,,Maybe I'll help you tomorrow.
Baka matulungan ko kayo bukas.,0,,I might help you tomorrow.
Baka pumunta ako bukas.,0,,Maybe I'll go tomorrow.
Baka pumunta siya bukas.,0,,Maybe he'll go tomorrow.
Baka sakaling pumunta siya bukas.,0,,Maybe he'll go tomorrow.
Balak naming ianunsyo bukas ang mga detalye tungkol sa aming plano.,0,,We intend to announce the details about our plan.
Bibisitahin ko ang nanay sa ospital bukas.,0,,I'll visit the mother in the hospital tomorrow.
"Bibisitahin tayo bukas ng isang kaibigan mula sa Oregon, si G. Brown.",0,,"We will be visited tomorrow by a friend from Oregon, Mr. Brown."
Biyernes bukas.,0,,Friday tomorrow.
"Biyernes ngayon, kahapon ay Huwebes, bukas ay Sabado, pagkatapos ay Linggo.",0,,"Friday today, yesterday is Thursday, tomorrow is Saturday, then Sunday."
Bukas kami bukas.,0,,We're open tomorrow.
Bumalik ka ulit bukas.,0,,Come back tomorrow.
Buong taong bukas ang tindahan.,1,,The whole year is open.
"Dahil sa napakaganda ng panahon, pwede ba akong magbukas ng isang bintana?",1,,"Because of the wonderful weather, can I open a window?"
Dapat gawin iyan ni Tom bukas.,0,,Tom should do that tomorrow.
Dapat maghanda na siya para sa kinabukasan.,0,,He should be prepared for the future.
Dapat siguro hintayin mo muna hanggang bukas bago mo gawin iyan.,0,,You should probably wait until tomorrow before you do that.
Dapat siguro hintayin mo muna hanggang bukas bago mo gawin iyon.,0,,You should probably wait until tomorrow before you do that.
Dapat sigurong gawin ni Tom iyan bukas.,0,,Tom should be sure to do that tomorrow.
Dapat sigurong gawin ni Tom iyon bukas.,0,,Tom should be sure to do that tomorrow.
"Dati, bukas ang teatro nang sabado man.",1,,"Previously, the theater was open on Saturday."
Di ako pupunta sa paaralan bukas.,0,,I'm not going to school tomorrow.
Di ka pinupuwersang pumarini bukas.,0,,You are not allowed to go tomorrow.
Di ko alam kung uulan bukas.,0,,I don't know if it's raining tomorrow.
Di ko masisigurado kung narito siya bukas.,0,,I'm not sure if he's here tomorrow.
Gagawin ko ang trabaho bukas.,0,,I will do the job tomorrow.
Gagawin ko iyan bukas maliban na lang kung may mangyaring hindi inaasahan.,0,,I will do that tomorrow unless anyone does not expect.
Gagawin ko iyon bukas maliban na lang kung may mangyaring hindi inaasahan.,0,,I will do that tomorrow unless anyone does not expect.
Gawin 'nyo bukas.,0,,Do it tomorrow.
Gawin mo bukas.,0,,Do it tomorrow.
Gawin ninyo bukas.,0,,Do it tomorrow.
Ginagamit ang abrelata pambukas ng lata.,1,,Abrelata can be used opening cans.
Gisingin mo ako bukas ng maaga.,0,,You wake me up tomorrow early.
Gusto ko siyang makita bukas nang hapon.,0,,I want to see her tomorrow afternoon.
Gusto kong bumalik ka at makipagkita sa akin bukas.,0,,I want you to come back and meet me tomorrow.
Gusto kong dumalo ka bukas sa miting.,0,,I want you to attend tomorrow at the meeting.
Gusto kong dumalo ka sa miting bukas.,0,,I want you to attend the meeting tomorrow.
Gusto kong gamitin ang kotse mo bukas.,0,,I want to use your car tomorrow.
Gusto kong gamitin ang sasakyan mo bukas.,0,,I want to use your car tomorrow.
Gusto kong malaman kung libre ka bukas.,0,,I want to know if you're free tomorrow.
Gusto kong malaman kung magiging libre ka bukas.,0,,I want to know if you will be free tomorrow.
Gusto mo bang bumiyahe bukas?,0,,Do you want to travel tomorrow?
Handa na ba ang lahat para bukas?,0,,Is everything ready for tomorrow?
Hilahin mo ang tali at magbubukas ang pinto.,1,,Pull the strap and the door opens.
Hilahin ninyo ang tali at magbubukas ang pinto.,1,,Pull the strap and the door opens.
Hinanap niya ang singsing niya nang pawang bukas ang mata.,1,,He searched for his ring with open eyes.
Hindi `yan gagawin ni Tom bukas.,0,,Tom won't do that tomorrow.
Hindi ako makakapagtrabaho bukas.,0,,I can't work tomorrow.
Hindi ako makakapunta rito bukas.,0,,I can't come here tomorrow.
Hindi ako makakatulog kung nakabukas ang ilaw.,0,,I can't sleep if the light is on.
Hindi ako makakatulog nang nakabukas ang ilaw.,0,,I couldn't sleep when the light was on.
Hindi ako matutulog bukas.,0,,I can't sleep tomorrow.
Hindi ako naniniwalang uulan bukas.,0,,I do not believe it will rain tomorrow.
Hindi ako papasok bukas.,0,,I'm not coming in tomorrow.
Hindi ako pupunta sa klase bukas.,0,,I'm not going to class tomorrow.
Hindi ako puwedeng magtrabaho bukas.,0,,I can't work tomorrow.
Hindi alam ni Tom kung sasama sa kanya si Maria bukas o hindi.,0,,Tom didn't know if Mary would be with her tomorrow or not.
Hindi ba kayo pupunta bukas?,0,,Don't you go tomorrow?
Hindi bukas tuwing Lunes ang tindahan kung saan ako nagtatrabaho.,1,,The store where I work is not open every Monday.
Hindi bukas tuwing Lunes ang tindahang pinagtatrabahuan ko.,1,,The store I work with is not open every Monday.
Hindi ka ba pupunta bukas?,0,,Aren't you going tomorrow?
Hindi ko iiwanang bukas ang pinto.,1,,I will not leave the door open.
Hindi ko kayang magtrabaho bukas.,0,,I can't afford to work tomorrow.
Hindi ko masasabi kung uulan ba bukas.,0,,I can't tell if it's raining tomorrow.
Hindi ko pa kinakausap ang iba tungkol sa mga plano bara bukas.,0,,I haven't talked to others about the plans tomorrow.
Hindi ko pa nakakausap ang iba tungkol sa mga plano bara bukas.,0,,I have never talked to others about the plans tomorrow.
Hindi maglalaro ng tenis bukas ang mga babae.,0,,Women will not play tenis tomorrow.
"Hindi matalinong bumili ng napakaraming lata ng tuna, kung wala naman akong pambukas ng lata.",0,,"It is not wise to buy so many tuna cans, if I do not have a can."
Hindi nagbubukas ang museong ito tuwing Lunes.,1,,This museum does not open every Monday.
Hindi pa bukas ang tanggapan ng koreo.,1,,The mail office is not open yet.
Hindi pa nagbubukas ang tanggapan ng koreo.,1,,The office office has not yet opened.
Hindi sila dadating hanggang bukas.,0,,They will not come until tomorrow.
Hiniling ng ama nila na pumunta silang lahat sa bahay bukas.,0,,Their father asked them to go home tomorrow.
Huwag iwanan ang TV na nakabukas!,1,,Don't leave the TV open!
"Huwag kayong masyadong patriyotiko sa sarili ninyong wika, dahil marahil sa kinabukasan, gagawa ng ibang wika ang Artipisyal na Intelihensiya at isusubo sa mga tao.",0,,"Do not be too patriotic in your own language, because perhaps in the future, artificial intelligence will create a different language and make people happy."
Huwag mong ipabukas ang anong magagawa mo ngayong araw.,1,,Don't open up what you can do today.
Huwag mong kalimutan ang iyong ID upang makapasok ka sa konsyerto bukas.,0,,Don't forget your ID so you can enter the concert tomorrow.
Huwag na huwag mong ipagpapabukas ang kaya mo namang gawin sa makalawa.,1,,Never open what you can do for a while.
Huwebes bukas.,0,,Thursday tomorrow.
Iaanunsiyo bukas kung sino ang nagwagi sa eleksiyon.,0,,It will be announced tomorrow who is the winner of the election.
Iaanunsiyo bukas kung sino ang nanalo sa eleksiyon.,0,,It will be announced tomorrow who won the election.
Iaanunsiyo namin ang aming desisyon bukas.,0,,We will announce our decision tomorrow.
Iaanunsiyo natin ang ating desisyon bukas.,0,,We will announce our decision tomorrow.
Ibibigay ko sa iyo ang pera bukas.,0,,I will give you the money tomorrow.
Iinit ba muli bukas?,0,,Is it hot again tomorrow?
"Ika-13 ng Setyembre ng 2017 ngayon. May mga naniniwalang ang daan sa espasyo ay magiging teleportasyon. Imbis nang parang sasakyang lumilipad, teleportasyon ang iniisip nila. Si Dr. Michio Kaku, isang Amerikanong Hapong manunulat tungkol sa agham at sa kinabukasan, ay isa sa mga naniniwala sa teleportasyon.",0,,"September 13th of 2017 today. There are those who believe the road to space will be teleportation. Instead of being a flying vehicle, they were thinking about teleportation. Dr. Michio Kaku, an American afternoon writer about science and the future, is one of those who believe in teleportation."
"Ika-22 ng Enero ng 2021 ngayon. Hanga ako kay multibilyunaryong Elon Musk. Ang talagang pag-asa niya ay sa kinabukasang maging ""multiplanetaryang sibilisasyon"" ang katauhan at napananatili ang enerhiya ng ""mga mundo"" natin. Ang kinatatakutan ni Elon Musk at ng pisikong Stephen Hawking ay ang pagsulong ng Artipisyal na Intelihensiya o AI na baka malampasan ang intelihensiya ng tao. Baka maging obsoleto ang tao. Sana’y hindi naman.",0,,"January 22nd of 2021 today. I admire the Multibilyunary Elon Musk. His real hope is that in the future the personality becomes a ""multiplanenetary"" and maintains the energy of our ""worlds"". Elon Musk and the Physician Stephen Hawking are feared is the promotion of artificial intelligence or AI that may overcome human intelligence. Man may be obsoleto. Hope not."
"Ika-22 ng Enero ng 2021 ngayon. Sa kinabukasan, baka malampasan ng Artipisyal na Intelihensiya ang intelihensiya ng tao. Kung ganoon ang mangyari, mag-iiba talaga ang sitwasyon ng katauhan. Sana’y di alipin ang tao, at magsilbi ang makina. Puwede rin ngang ang makina ang magdikta. Baka magdikta kung anong mga wika ang gagamitin. Baka artipisyal pa. Gawa ng makina.",0,,"January 22nd of 2021 today. In the future, artificial intelligence may overcome human intelligence. If that is the case, the situation of humanity will change. Hope the man is not a slave, and the machine serves. The machine can also dictate. It may dictate what languages ​​to use. Maybe it's artificial. Machine work."
"Ika-24 ng Hulyo ng 2017 ngayon. Kung isipin ang ibang sibilisasyon o kabihasnan sa ibang daigdig, o kaya ang ating sariling kabihasnan sa Tiyera, maraming futurista ay ipinilalagay na dumadami parati ang tao. Pero may mga proyeksiyon ang iba na bababa ang total na populasyon ng tao sa mundo sa kinabukasang ilang dekada. Kung mas edukado ang tao, mas gusto nilang kaunti ang anak. Kaya, tatanda ang karamihan ng tao, at magiging kaunti ang mga bata sa proporsiyon. Sa kinabukasang ilang siglo, baka mas mababa ang total na populasyon kaysa sa ngayon. Ano ang magiging epekto? Mas berde ba ang kinabukasan?",0,,"July 24, 2017 today. To think of other civilizations or civilizations in another world, or our own civilization in Tiyera, many futurists are assumed that people are increasing. However, some have projects that will decrease the total human population in the world in the next few decades. The more educated the person is, the more they prefer the child. So, the crowd will grow old, and the children will be small in proportion. In the early centuries, the total population may be lower than it is today. What would be the effect? Is the future more green?"
Ikakasal ang pamangkin ko bukas.,0,,My nephew will get married tomorrow.
Ikaw ba ang nag-iwan ng pinto na nakabukas kagabi?,1,,Did you leave the door open last night?
Iniwan mong nakabukas ang pintuan.,1,,You left the door open.
Iniwan nilang nakabukas ang bintana.,1,,They left the window open.
"Iniwanan ni Tom na nakabukas ang pinto ng ref, kaya ko isinara.",1,,"Tom left the refrigerator open, so I closed it."
Iniwanan pong bukas ang lagusan.,1,,The tunnel is left open.
Iniwanan pong nakabukas ang lagusan.,1,,It left the tunnel open.
Iniwanan pong nakabukas ni Tom ang pinto ng ref.,1,,Tom left the refrigerator door open.
Iniwanang bukas ang lagusan.,1,,The tunnel is left open.
Iniwanang nakabukas ang lagusan.,1,,The tunnel was left open.
Iniwanang nakabukas ni Tom ang pinto ng ref.,1,,Tom left the refrigerator door open.
Ipadadala nang koreo ang sulat bukas.,0,,The letter will be sent tomorrow.
Ipapahayag bukas kung sino ang nagwagi sa eleksiyon.,0,,It will be announced tomorrow who is the winner of the election.
Ipapahayag bukas kung sino ang nanalo sa eleksiyon.,0,,It will be announced tomorrow who wins the election.
Isang buong linggo na pong nag-uuulan simula bukas.,0,,It's been a whole week since tomorrow.
Isang buong linggo nang nag-uuulan simula bukas.,0,,It's been a whole week since tomorrow.
Isang linggo na pong nag-uuulan simula bukas.,0,,It's been a week since tomorrow.
Isang linggo nang nag-uuulan simula bukas.,0,,It's been a week since tomorrow.
Isinusulat ko ang aking talumpati para bukas.,0,,I write my speech for tomorrow.
Isipin mo ang kinabukasan mo!,0,,Think of your future!
Itigil muna natin dito at ipagpatuloy natin bukas.,0,,Let's stop here first and let's continue tomorrow.
Ito ang kinabukasang hangad ng mga liberal.,0,,This is the future of the liberals.
Ito ang kinabukasang hinahangad ng mga liberal.,0,,This is the future that the liberals seek.
"Itong mga araw, iniisip ko ang maaaring kinabukasan ng sangkatauhan. Sasakupin ba tayo ng mga makinang mas matalino sa atin? O kaya, magiging bagong alipin ang makina? Sino ang magiging amo, at sino ang alipin?",0,,"These days, I think of the future of mankind. Will the intelligent machines will cover us? Or, will the machine be a new slave? Who will be the boss, and who is the slave?"
"Kaarawan ko bukas, at magiging 17 na ako.",0,,"It's my birthday tomorrow, and I'll be 17."
"Kahapon ngayon ay bukas pa, pero bukas ngayon ay kahapon na.",0,,"Yesterday is still open, but tomorrow is yesterday."
Kailan magbubukas ang koreo?,1,,When will the mail open?
"Kailangan kong bumangon nang maaga bukas, kaya plano kong matulog nang maaga mamayang gabi.",0,,"I have to get up early tomorrow, so I plan to go to bed early tonight."
Kailangan kong gumising nang maaga bukas; pwede mo akong tawagan alas seis?,0,,I need to wake up early tomorrow; can you call me seis?
Kailangan kong pumunta bukas.,0,,I have to go tomorrow.
Kailangan mong gumising nang maaga bukas.,0,,You need to wake up early tomorrow.
Kailangan naming gumising nang maaga bukas.,0,,We need to wake up early tomorrow.
Kailangan nating gumising nang maaga bukas.,0,,We need to wake up early tomorrow.
Kailangan niyang pumunta roon bukas.,0,,He needs to go there tomorrow.
Kulay-rosas daw ang bukas. Totoo ba iyon?,1,,The pink is open. Is that true?
Kung bukas kaya?,1,,If tomorrow is it open?
"Kung luluwas ka ngayon din, bukas nang gabi ay nasa Boston ka na.",0,,"If you are leaving now, tomorrow night you are in Boston."
"Kung maganda bukas, magpipiknik tayo.",0,,"If it's good tomorrow, let's picnic."
"Kung may Makina ng Oras ka, pupunta ka ba sa nakaraan o sa kinabukasan?",0,,"If you have a time machine, will you go to the past or the future?"
"Kung puwede bukas, maglalayag ako kasama ng mga kaibigan ko.",0,,"If it could be tomorrow, I would sail with my friends."
"Kung umulan bukas, nasa bahay na lamang ako.",0,,"When it rains tomorrow, I'm just home."
"Kung uulan bukas, hindi ako pupunta.",0,,"If it rains tomorrow, I won't go."
"Kung walang agham, walang kinabukasan.",0,,"Without science, there is no future."
"Kung walang mangyayaring hindi inaasahan, makikita na kita bukas.",0,,"If no one is unexpected, I'll see you tomorrow."
Labing-isang oras na akong nag-aaral para sa pagsusulit ko bukas.,0,,I have been studying for eleven hours for my exam tomorrow.
"Lalangoy siya bukas? ""Oo.""",0,,"Will he swim tomorrow? ""Yes."""
Libre siya bukas.,0,,He is free tomorrow.
Lunes ba bukas?,0,,Monday tomorrow?
Maaari akong mamatay bukas.,0,,I can die tomorrow.
Maaari ba kitang makita bukas?,0,,Can I see you tomorrow?
Maaasahan mo ako bukas.,0,,You can expect me tomorrow.
Maaga akong aalis bukas.,0,,I'll leave early tomorrow.
Madalas ganitong oras nagbubukas ang teatro.,1,,Often this time the theater opens.
Mag-iipon na simula bukas!,0,,It will gather starting tomorrow!
Mag-uusap kami bukas.,0,,We'll talk tomorrow.
Mag-uusap tayo bukas.,0,,Let's talk tomorrow.
Magaling ang ideya niya tungkol sa kinabukasan.,0,,He had a great idea about the future.
Maganda sana kung lumiwanag bukas.,0,,It would be nice to shine tomorrow.
Magbubukas ang bagong museo sa susunod na Lunes.,1,,The new museum will open next Monday.
Magbubukas ang bagong tindahan sa susunod na linggo.,1,,The new store will open next week.
Magbubukas ang mga pinto sa kaliwa.,1,,The doors will open left.
Magbubukas ang rehistrasyon sa ika-dalawampu ng Oktubre.,1,,The registration will open on October twentieth.
Magiging mainit bukas.,0,,It will be hot tomorrow.
Magiging mas mainit pa bukas.,0,,It will be even hotter tomorrow.
Magiging mas malamig bukas.,0,,It will be colder tomorrow.
Magkikita naman tayo bukas.,0,,We will meet tomorrow.
Magkikita tayo bukas.,0,,We will meet tomorrow.
Magkikita tayo uli bukas.,0,,We will meet again tomorrow.
Magkita-kita na lang tayo bukas.,0,,Let's see each other tomorrow.
Magluluto ang tatay ko ng isang masarap na pagkain bukas nang umaga.,0,,My dad will cook a delicious meal tomorrow morning.
Magpapakasal ang pamangkin ko bukas.,0,,My nephew will get married tomorrow.
Magsisimula ang totoong gawain bukas.,0,,The real work will start tomorrow.
Magsisimula bukas ang aking pagsubok.,0,,My test will start tomorrow.
Magtatrabaho kami bukas.,0,,We will work tomorrow.
Magtatrabaho tayo bukas.,0,,We will work tomorrow.
Magtitipid na simula bukas!,0,,Save starting tomorrow!
Makakadating ka ba sa miting bukas?,0,,Will you come to the meeting tomorrow?
Makakapunta ba sila bukas?,0,,Will they go tomorrow?
Makakapunta ka ba sa miting bukas?,0,,Can you go to the meeting tomorrow?
Makakarating ba sila bukas?,0,,Will they come tomorrow?
Makikita ba kita bukas?,0,,Will I see you tomorrow?
Makikita ko ba kayo bukas?,0,,Will I see you tomorrow?
Makikita natin siya bukas sa harap ng istasyon.,0,,We will see him tomorrow in front of the station.
Malamang uulan bukas.,0,,It is likely to rain tomorrow.
Malamang uulan ng niyebe bukas.,0,,It is likely to be snowy tomorrow.
Mangangaso ako bukas nang umaga. Gusto 'nyo bang sumama sa akin?,0,,I will hunt tomorrow morning. Do you want to come with me?
Mangangaso ako bukas nang umaga. Gusto ba ninyong sumama sa akin?,0,,I will hunt tomorrow morning. Do you want to come with me?
Mangangaso ako bukas nang umaga. Gusto mo bang sumama sa akin?,0,,I will hunt tomorrow morning. Do you want to come with me?
Marami ka bang gagawin bukas ng gabi?,0,,Do you have a lot to do tomorrow at night?
"Maraming teleserye at pelikulang siyensiyang piksiyon tungkol sa kinabukasan ay walang Kristiyanismo. Wala nang mga Pasko o Pasko ng Pagkabuhay o iba pa. Pero may isang teleseryeng siyensiyang piksiyon na pinapalabas ang Kristiyanismo sa kinabukasan, at ito ay Babylon 5 na interestelar. Ang dahilan yata nang nawawala ay dahil ang tingin ng mga tagalikha ay kalimitang kontra sa Siyensiya ang Kristiyanismo. Sa isip ko naman, baka nga hindi mawawala ang Kristiyanismo, at ito ay parte ng ebolusyon ng lipunang mas abansado sa teknolohiya, bilang sa espasyo at sa iba pa.",0,,"Many teleseryes and films of science science about the future have no Christianity. No more Christmas or Easter or other. But there is a telescope science that is being released by Christianity in the future, and it is Babylon 5 Interestlar. The reason for the disappearance is because the creators think Christianity is often against science. In my mind, Christianity may not be lost, and it is part of the evolution of society more technology, as space and others."
"Martes ngayon, ano ang araw bukas?",0,,"Tuesday today, what's the day tomorrow?"
Mas maganda bang gawin iyan ngayon o bukas?,0,,Is it better to do that today or tomorrow?
"Masyado palang mainit ngayon para sa aking nakadyaket na berdeng mukhang militar na may pantakip sa ulo. Ngayon ay ika-16 ng Setyembre ng 2023 na rito sa Isla Lulu. Suot ko ang aking tisyort na asul na may imahen ni Chewbacca. May kulay-abong touque ako at maitim na kulay-abong korto. Sa umaga at tanghali ako nasa pizzeria. Naroon si Simar at si Bal, parehong Taga-Indiyang tindero. Sa tanghali, may malaking lalaking muskuladong nakaputing tisyort at berdeng kamuplaheng militar na korto. Nagpizza siya sa regular na puwesto ko sa mesa sa labas sa harap ng bintana. Mukha siyang Italyano. Sa bahay, nagbabasa ako ng Kastilang nobelang El eterno regreso a casa ni Ursula Le Guin, tungkol sa libu-libong taon pang kinabukasan sa Norteng California, kung saan ang tao ay naninirahang parang mga Amerindiyo. Sa tema ng araw, may 16 na regla ang basikong gramatika ng Esperanto.",0,,"It's too hot right now for my shaved green -like military with a head covering. Today is September 16th of 2023 here on Isla Lulu. I was wearing my blue tissue with Chewbacca's image. I have a gray touque and a dark gray curtain. In the morning and noon I was in pizzeria. Simar and Bal were there, both of the Indian salesman. At noon, there was a large man in a white tissue and a green military korto military. He picked up my regular seat at the table outside the window. She looks Italian. At home, I read the Spanish novel El Eterno Regrees a casa by Ursula Le Guin, for thousands of years more in the next day in California, where the people lived as American. In the theme of the Sun, Esperanto's Grammar is 16 menstruation."
Matagal ko nang pangarap na magbukas ng kainan.,1,,I have long dreamed of opening a meal.
Matagal ko nang pangarap na magbukas ng restawaran.,1,,I have long dreamed of opening a restaurant.
Matatapos ang talakayan bukas.,0,,The discussion will end tomorrow.
"Maulap sa umaga nang ika-13 ng Setyembre ng 2023. Sa aking tablet, binabasa ko ang Kastilang El eterno regreso a casa ni Ursula Le Guin, sa Istarbak dito sa Isla Lulu. Napupuna kong magaling ang isip ni Greg na Pilipino tungkol sa espasyo para sa isang relihiyoso. Pinag-usapan namin sa Istarbak ang mga kinabukasang misyong may tao papuntang planetang Marte. Sabi niyang mga ""pitong buwan"" ang papuntang Marte. Kung may tao, dapat talagang ""malusog sa sikolohiya"" ang dagdag ko. May mga planong magkakolonya ng tao sa Marte. Sang-ayon kami ni Greg na masyado yatang ambisyoso ang Marte para ngayon; sang-ayon kami ni Greg na dapat may kolonya muna sa Luna para masanay ang mga astronawta at mga dalubhasa. Nakita ni Greg ang aking asul na tisyort na may imahen ni Chewbacca sa harapan. Pareho kaming nakasuot nang dyaket na berdeng may pantakip sa ulo. Sang-ayon kaming ang mga prangkisang Star Wars at Star Trek ay talagang sikat pa ngayon. Sa ibang tema, binabasa na ni Greg daw ang binigay ko sa kanyang Koran, yaong kayumangging bilingguwal na Arabe-Ingles. Sang-ayon kaming parang pareho ang tono sa Bibliya. Sa Istarbak, dumalaw yaong muskuladong lalaking mukhang militar na nakakulay-abo. Regular na kostumer siya. May dumalaw ring magkapatid na lalaking binatang may itsurang kayumanggi ang balat. Di ko maunawaan kung anong lengguwahe ang ginagamit nila.",0,,"Cloudy in the morning on September 13th of 2023. On my tablet, I read the Spanish El Eterno regress a casa by Ursula Le Guin, on the island here on Isla Lulu. I notice Greg's Filipino mind is good about space for a religious. We talked about the future missions of the people to the planet Marte. He said he was ""seven months"" to Marte. If anyone, I should really be ""healthy in psychology"". There are plans to colonial with Marte. Greg and I agree that Marte is too ambitious for now; Greg and I agreed that there should be a colony in Luna first to train astronales and experts. Greg saw my blue tissue with Chewbacca's image in front. We were both wearing a green jacket with a head covering. We agree that the Star Wars and Star Trek franchise are really popular today. In other themes, Greg is reading what I have given to his Quran, that brown bilingual Arabic-English. We agree with the same biblical tone. At the Istarbak, the muscular man who looked like a military was brown. He is a regular customer. A brothers also visited a young man with a brown skin. I do not understand what language they are using."
May bukas na lalagyan si Tom sa loob ng sasakyan.,1,,Tom has an open container inside the car.
May bukas pong lalagyan si Tom sa loob ng sasakyan.,1,,Tom has a container in the car.
May dalawa akong iksamen bukas.,0,,I have two exams tomorrow.
May dalawa akong pagsusulit bukas.,0,,I have two exams tomorrow.
May gagawin ka ba bukas nang hapon?,0,,Do you have something to do tomorrow afternoon?
May gagawin ka bukas?,0,,Will you do something tomorrow?
May katagpo ka ba bukas?,0,,Do you meet tomorrow?
May klase ako bukas.,0,,I have a class tomorrow.
May maganda kang kinabukasan.,0,,You have a good future.
May maliwanag kang kinabukasan.,0,,You have a bright future.
May nagbukas ng pinto.,1,,Someone opened the door.
May nakabukas na lalagyan si Tom sa loob ng sasakyan.,0,,Tom had a container in the car.
May nakabukas pong lalagyan si Tom sa loob ng sasakyan.,0,,Tom had a container in the car.
Mayroon ka bang katagpo bukas?,0,,Do you have a meeting tomorrow?
"Medyo maulap na maaraw ngayong ika-3 ng Setyembre ng 2023. Sa bahay sa umaga, ang almusal ko ay mga istrobering binalot sa tsokolateng puti at kayumanggi. Mamaya pa, nasa Istarbak kami ni Greg na Pilipino para maghuntahan. May kape at croissant siya. Binigyan niya ako ng mga mansanas na tsip. May itim na tsaang may yelo ako. Dinala ni Greg ang malaki niyang Bibliya dahil pupunta siya sa Baptistang simbahan mamaya. Bukas, dahil gusto niya, ipakikita ko sa kanya ang mga Bibliya kong Tagalog, isang kulay-lilang malaki at isang maliit na maitim na asul ng Mga Saksi ni Jehova. Ibibigay ko bukas sa kanya ang aking Arabe-Ingles na bilingguwal na Koran dahil interesado siya sa mga relihiyong Abrahamiko. Mamaya rin sa umaga, sa bahay, dumating ang mga Pilipinong kaibigan ng pamilya kong si Nida at si Dindo. May dinala silang mga pagkain. Kasama nila ang maliit na aso nilang si Bella. Kumain ako ng mais. Sa tanghalian namin, Intsik ang pagkaing dala sa bahay dahil kaarawan ng pinsang kong si Eva.",0,,"It was a bit cloudy sunny this September 3rd of 2023. At home in the morning, my breakfast was wrapped in white and brown chocolates. Later, Greg and I were in the Philippines for a place to go. She has coffee and croissant. He gave me apple tsip. I have black tea with ice. Greg brought his big Bible because he would go to the Baptist church later. Tomorrow, because he wants, I will show him my Tagalog Bible, a large large and a little dark blue of Jehovah's Witnesses. I will give him my Arabic-English Bilingual Koran because he is interested in Abrahamic religions. Later in the morning, at home, the Filipino friends of my family Nida and Dindo arrived. They brought food. They are with their little dog Bella. I eat corn. At our lunch, the food was brought to the house because of my cousin Eva's birthday."
Meron ka bang oras bukas?,0,,Do you have time tomorrow?
Minsan hindi ako mapalagay kapag naiisip ko ang kinabukasan.,0,,Sometimes I can't help but think of the future.
Mukhang uulan bukas.,0,,It looks like it's raining tomorrow.
Muling magkikita tayo bukas.,0,,We will meet again tomorrow.
"Nabasa ko na ang siyensiyang piksiyong librong Revolt in 2100 ni Robert Heinlein. Tungkol ito sa Kristiyanong teokrasiya sa kinabukasang Estados Unidos, at pinigil ang progreso sa espasyong teknolohiya. Sa huli, nagrebelde ang tao.",1,,"I have read the science of Robert Heinlein's revolt book Revolt in 2100. It is about Christian theocracy in the opening of the United States, and prevented the progress in technology space. In the end, the man rebelled."
Nagbukas ang dalawang pintuan.,1,,The two doors opened.
Nagbukas ba ang bangko kanina?,1,,Did the bank open earlier?
Nagbukas ba ang bangko ngayong araw?,1,,Did the bank open today?
Nagbukas ng alak si Tom.,1,,Tom opened wine.
Nagbukas si Tom ng isa pang bote ng alak.,1,,Tom opened another bottle of wine.
Nagbukas si Tom ng isang lata ng tuna.,1,,Tom opened a tin of tuna.
"Nagtagpo kami ni Joey B. sa harapang mesa sa tabi ng bintana sa labas ng pizzeria sa Isla Lulu nitong hapon nang ika-23 ng Agosto ng 2023. Mestisong Libanes-Pilipino siya. Kulay-abo ang suot niya. Ang asawa niyang Pilipina ay nasa tahanan nilang inaalagaan ang dalawa nilang anak na lalaki. Buntis ang asawa niya nang babae. Pinanganak at lumaki sa Dubai ang asawa niya, pero mananagalog siya. Si Joey ay lumaki nang ang mga magulang ay nag-uusapan sa Bikolano at Tagalog. Ang komersiyo ng mag-asawa ay pagtulong sa ibang magkomersiyo sa Web. Noong pasadong Marso, nagbakasyon ang pamilya niya sa ilang isla sa Pilipinas. Pinakita niya ang ilang litrato sa ismartpon niya. Mukhang ""Byetnam"" ang sabi ko. Sabi kong nagtagal ako sa Hapon. Nakakabukas ng isip ang naranasan ko. Marami akong biyahe noong mas bata ako ang sabi ko sa kanya: Nalibot ko na ang Tiyera. Halimbawa ko sa kanya ang Ehipto at Maruekos. Nagtren ang grupo mula sa Cairo patimog hanggang Aswan, yaong malapit sa Sudan. Isa pa, sabi kong masyadong sosyal ang tao sa Asyang parang ""insekto"" sila, pero rito ay puwedeng buhay ng ""oso"" ang tao.",1,,"We met Joey B. at the front table next to the window outside the pizzeria on the island Lulu this afternoon on August 23, 2023. He was a Filipino-Filipino. She was wearing gray. His Filipino wife is at home taking care of their two sons. Her wife is pregnant. Her husband was born and grew up in Dubai, but she was shaking. Joey grew up when parents were talking to Bikolano and Tagalog. The couple's commerce is helping other commercials on the web. In March, his family was on vacation on several islands in the Philippines. He showed some pictures on his ismartpon. I said ""Vietnam"". I said I stayed in the afternoon. What I experienced was open. I had a lot of trips when I was younger I told her: I have been around. I for example Egypt and Maruekos. The group came from Cairo South to Aswan, those near Sudan. Also, I say people are too social in Asy as they are ""insects"", but here can be a ""bear"" life."
Nagwowori kami sa iyong kinabukasan.,0,,We are worried about your future.
Naiwan mong nakabukas ang pintuan.,1,,You left the door open.
"Naiwanan ni Tom na nakabukas ang pinto ng ref, kaya ko isinara.",1,,"Tom left the refrigerator open, so I closed it."
Naiwanan pong bukas ang lagusan.,1,,The tunnel is left open.
Naiwanan pong nakabukas ang lagusan.,1,,The tunnel was left open.
Naiwanang bukas ang lagusan.,1,,The tunnel was left open.
Naiwanang nakabukas ang lagusan.,1,,The tunnel was left open.
Nakabukas ang baul.,1,,The trunk is open.
Nakabukas ang bintana.,1,,The window is open.
Nakabukas ang ilaw ni Tom nang magdamag.,1,,Tom's light turned over night.
Nakabukas ang ilaw.,1,,The light was on.
Nakabukas ito.,1,,It turned out.
Nakabukas.,1,,Turned on.
Nakahanda na ba ang lahat para bukas?,0,,Is everything ready for tomorrow?
Nakalimutan ba nila na kaarawan ko bukas?,0,,Did they forget my birthday tomorrow?
Namamalasakit ako tungkol sa kinabukasan ninyo.,0,,I care about your future.
Nandito si Tom bukas.,0,,Tom is here tomorrow.
"Nang huli nang maaraw at malamig na umaga nang ika-30 ng Oktubre ng 2023, nasa pizzeria naman ako. Naroon ang may-aring si Tharsan, yaong may lahing Taga-Sri Lanka pero pinanganak dito sa Hilagang Amerika. Naroon din ang mga Taga-Indiyang tinderong si Sachet at si Bal. Nagkokolang pangdiyeta ako, at may pirasong pestong pizza ako. Pag-uwi ko, nakita ko sa daan muli ang isang guwapong lalaking mukhang Brasilyanong Latinong palaging nakasyorts. Sa ibang tema, mas tama sa aking Singkretista ako. Iba-ibang klaseng espiritwalidad ang impluwensiya sa akin, at siyempreng may siyensiya. Halloween na bukas!",0,,"At the very sunny and cold morning on October 30th of 2023, I was in pizzeria. The owner was Tharsan, who had a Sri Lanka descent but was born here in North America. Sacanters Sachet and Bal were also there. I had a diet, and I had a pizza pest. When I got home, I saw on the road again a handsome man who looked like a Latin bracel. In other themes, I am better than my singkretist. I have a different kind of spirituality, and science. Halloween tomorrow!"
"Nang maulap na hapon nang ika-7 ng Nobyembre ng 2023, lakad ako sa labas nang bahay. Nakita ko sa daan ang nakapulang Taga-Cambodiang nanay ni Kiara, yaong mestisang dalaga. Ang tatay ni Kiara ay itim na Amerikanong militar. May mahal na pusang mukhang leopardo siya. Nasa pizzeria na ako mamaya pa. Naroon ang tinderong Taga-Indiyang si Sachet na Hindu. May kolang pangdiyeta ako roon. Madalas na may mga binata at dalaga roon. Nakakalungkot na ang mga tao sa Anglospera ay nagiging parang yaong mga lokong karakter sa South Park na teleseryeng animasyon. Ganoon ba ang kulturang gustong ikalat sa kalawakan sa kinabukasan? Pagkatapos ko sa pizzeria, dumalaw ako sa tindahan ng niyelong pagkain para bumili ng isang plastikong sako ng mga rolyong tokwang may lamang isda. May matsang din doong baka gusto kong bilhin sa iba namang araw. Sa Shinto ng Hapones, ang mga ""kami"" ay parang mga ""anito"" ng antigong Pilipino.",0,,"In the cloudy afternoon on November 7th of 2023, I walked outside the house. I saw on the road Kiara's cambodian mother, that girl. Kiara's father was a black American military. She has a dear cat that looks like a leopard. I'm in pizzeria later. The Indian salesman Sachet Hindu was there. I have a diet there. There are often young men and girls there. It is sad that people in Anglosphere become like those who are characters in the South Park television animation. Is that how the culture wants to be spread in space in the future? After I went to the pizzeria, I visited the food store to buy a plastics sack of rolongies with only fish. There is also a good thing that I might want to buy on another day. In the Japanese Shinto, the ""we"" are like the ""Anito"" of the Filipino antique."
"Nang medyo mas malamig at maulap na umaga nang ika-9 ng Hunyo ng 2023, lakad ako at naroon sa pizzeria sa Isla Lulu. Naroon ang mga tinderong si Sachet na Taga-Indiya at si Rose na Pilipina. Nag-eempake sila ng maraming pizza para sa eskuwela. Bulong ni Sachet, ""Maagang pera..."" Parang kriptiko siya. Alam kong parang interesado siya sa mga teorya ng Ekonomika. Nag-aral ako sa unibersidad ng Mikroekonomika at Makroekonomika, pero mas maantas ang pinag-uusapan ang kaibahan ng Komunismo at Kapitalismo. Sa tingin ko sa realidad, ang mga implementasyon ng Komunismo ay Awtoritaryanismo, pero puwede rin ang Demokrasya sa implementasyon. Hindi natin masasabi ang epekto ng Artipisyal na Intelihensiya sa kinabukasan. Masasabing talagang Sosyalismo dati ang implementasyon ng Rusya at Tsina, dahil may gamit pang pera. Sabi nga ng iba, ""Estadong Kapitalismo"" talaga. Ang ideal nila ang Komunismo. ""Isang bansa, dalawang sistema"" ang eksperimentasyon ngayon sa Tsina. Sa ibang tema, ngayong ika-9 ang Araw ng Lojban. Kung minsan, masasabi kong itong wika ang paborito ko. Ang numero 9 ang simbolo ng Lojban. At kulay-lila siya. Ang berdeng Esperanto naman ay 16 o 28. May 16 na basikong regla ang gramatika, at may 28 letra sa alpabeto, sa Esperanto.",0,,"With a little colder and cloudy morning on June 9, 2023, I walked and was on pizzeria on Isla Lulu. The salesman Sachet of Indian and Rose was there. They pack a lot of pizza for school. Sachet whispered, ""Early money ..."" She was crying. I know he seems to be interested in economic theories. I studied at the University of Microeconomics and Macroeconomics, but it is more likely to discuss the difference between communism and capitalism. I think in reality, the implementation of communism is authoritarianism, but democracy is also possible. We cannot say the impact of artificial intelligence on the future. The implementation of Russia and China can be said to have been socialism, because of money. Others say, ""state capitalism"" really. Their ideal is communism. ""One country, two systems"" are today's experimentation in China. In other themes, Lojban's day is 9 today. Sometimes, I can say that this language is my favorite. Number 9 is the Lojban symbol. And he's violet. Green Esperanto is 16 or 28. Grammar has 16 basic menstruation, and has 28 letters in the alphabet, in Esperanto."
"Nang mga 13:00 nang ika-30 ng Oktubre ng 2023, malamig pero maaraw sa labas, at naglakad ako papuntang pizzeria. Naroon ang mga Taga-Indiyang tinderong si Sachet at isa pang bago. Nagkokolang pangdiyeta ako habang nagbabasa ng Kastilang librong Crónicas de Majipur ni Robert Silverberg, sa sulok na mesa. May dumalaw na maraming binata at dalaga galing sa hayskul. Lahat sila ay may suot na kulay-abo at itim. May ilang talagang malusog sa kanila. Nagpipizza sila. Mamaya pa, nasa tabing Asyanong pruteriya ako para bumili ng isang kayumangging sako ng anim na puting kabute. Lulutuin ko bukas sa solitaryong selebrasyon ko ng Halloween.",0,,"About 13:00 on October 30th of 2023, it was cold but sunny outside, and I walked to Pizzeria. The Indian salesmans Sachet and another new one were there. I had a diet while reading Robert Silverberg's Spanish book Crónicas de Majipur, at the corner table. Many young men and girls came from high school. They are all wearing gray and black. Some are really healthy with them. They are dating. Later, I was on the veil of the Prometer to buy an brown sack of six white mushrooms. I'll cook tomorrow at my solitary celebration of Halloween."
"Nang mga alas 10 nang maaraw na umaga ng una ng Hulyo ng 2023, lakad ako at naroon sa pizzeria. Nagpirasong pepperoning pizza ako at nagkola. Ang tindera ay si Rose na Pilipina. Nakita kong tumawid sa harapan ng bintana si Steve na mukhang Hapones na nakaahit ang ulo. Ngayon, nakaberdeng kamiseta siya at itim na shorts. Pag-uwi ko, nakita ko sa daan ang tabatsoy na si Mark na nagpapaalala sa akin ng kinabukasang Maitreya Buddha. Maganda ang langit ngayon.",0,,"At about 10 o'clock in the morning of July of 2023, I walked and was in pizzeria. I had a pepperoning pizza and had a party. The salesman is Rose Filipino. I saw Steve crossed in front of the window, looking like Japanese with a headache. Now, he has a shirt and black shorts. When I got home, I saw Tabatoy Mark on the road reminding me of the Buddha's future. The sky is beautiful now."
"Nang una ng Hunyo ng 2023, naglakad ako sa dilim pasado nang alas 2 ng nokturno papuntang pizzeriang bukas hanggang alas 4 ng umaga. Kumakain ako roon ng isang pirasong mantikilyang manok na pizza at umiinom ng Diet Cola. Si Simar na batang Taga-Indiya ang tindero. May nag-oorder na dalawang Koreanong marunong ng Hapones. Ang isa sa kanila ay nakaitim at puti ang suot. At yaong iba ay nakaasul na kamiseta at kulay-abong track pants; parang marami siyang testosterone. Sabi niya, ""Sa tingin namin ay hindi ka isang estranghero."" Kumain sila sa madilim sa labas ng bintana, sa harapan, ng pizzeria. Sa umaga, mga pasado nang alas 7, kumakain ako sa naaarawang balkonahe sa bahay ng dilaw na pakwan. Pasado nang alas 8, lakad muli at nasa tsaahan ako.",0,,"In the first June of 2023, I walked to the dark past 2 o'clock in the pizzeriang tomorrow until 4am. I eat a piece of butchers pizza and drink a diet cola. Simar is the young man from the salesman. There are two Korean wise Japanese people ordering. One of them was black and white. And those who are different shirts and gray track pants; He seems to have a lot of testosterone. He said, ""We think you're not a stranger."" They eat in the dark outside the window, in front, of pizzeria. In the morning, past 7 o'clock, I ate on the balcony in the yellow watermelon house. It was 8 o'clock, walking again and I was in the mood."
Nangako kang gagawin mo ito bukas.,0,,You promised to do this tomorrow.
Nangako kang gagawin mo iyan bukas.,0,,You promised to do that tomorrow.
Nangako kang gagawin mo iyon bukas.,0,,You promised to do that tomorrow.
Nangako kayong gagawin ninyo ito bukas.,0,,You promised to do this tomorrow.
Nangako kayong gagawin ninyo iyan bukas.,0,,You promised to do that tomorrow.
Nangako kayong gagawin ninyo iyon bukas.,0,,You promised to do that tomorrow.
Nangako siyang gagawin niya ito bukas.,0,,He promised he would do it tomorrow.
Nangako siyang gagawin niya iyan bukas.,0,,He promised he would do that tomorrow.
Nangako siyang gagawin niya iyon bukas.,0,,He promised he would do that tomorrow.
"Noong mga dekadang 50 at 60 nang ika-20 dantaon, ang isip tungkol sa kinabukasan ng mundo ay mas optimista kaysa sa ngayon.",0,,"During the 50s and 60s of the 20th century, the mind about the future of the world was more optimist than it is today."
Pa-Tokyo ka ba bukas?,0,,Are you still open tomorrow?
Paano kumakain ng sardinas ang mga delpin kung hindi man lang nila kayang magbukas ng lata?,1,,How do Delpins eat sardines if they can't even open a can?
Paano kumakain ng sardinas ang mga lumba-lumba kung hindi man lang nila kayang magbukas ng lata?,1,,How do sardines eat sardines if they can't even open a can?
"Pagbukas ko ng ref, napansin kong nabulok na ang karne.",1,,"As I opened the refrigerator, I noticed that the meat was rotting."
"Pagbukas ko ng ref, napansin kong nasira na ang karne.",1,,"When I opened the refrigerator, I noticed that the meat had been broken."
"Pagkabukas na pagkabukas niya ng pinto, may naamoy siyang nasusunog.",1,,"When he opened the door, he smelled a burning."
"Pagkabukas ni Tom ng pinto, nakita niya si Mary na nakatayo roon na may dalang six-pack at pizza.",1,,"When Tom opened the door, he saw Mary standing there carrying six-pack and pizza."
Pagplanuhan mo ang kinabukasan mo dahil doon mapupunta ang mga nalalabing oras ng buhay mo.,0,,Plan your future because there will be the rest of your life.
Pakibukas ang iyong mga mata.,1,,Please open your eyes.
Pakibukas mo nga ng pinto?,1,,Will you open the door?
"Pakibukas ng balutan, nga.",1,,"Open the coat, that's it."
Pakibukas ng ilaw!,1,,Open the light!
Pakibukas ng kalan.,1,,Open the stove.
"Pakiusap, tandaan na gisingin ako bukas nang alas syete ng umaga.",0,,"Please, remember that I will wake up tomorrow at 6am."
Palaging bukas ang bar.,1,,The bar is always open.
Palaging bukas ang oportunidad na ito sa akin.,1,,This opportunity is always open to me.
Palaging bukas ang pagkakataong ito sa akin.,1,,This opportunity is always open to me.
Palaging bukas ang posibilidad na ito sa akin.,1,,This possibility is always open to me.
Papuntang parti ka ba bukas?,0,,Are you going to a party tomorrow?
Parang uulan bukas.,0,,It's like it's raining tomorrow.
"Pasok, bukas ang pinto.",1,,"Enter, the door is open."
"Pinag-usapan namin ni Michael na Tsinong ang penomenong umaalis ang mga mayaman sa mahirap na bansa, pero sa kinabukasan, sila'y nabalik kung mas magaling ang panahon.",0,,"Michael and I talked about the Chinese that the rich in the poor were leaving, but in the next day, they were returned when the weather was better."
Pinagalitan niya siya dahil iniwan niyang nakabukas ang pintuan.,1,,He scolded him because he left the door open.
Pindutin ang berdeng buton at magbubukas ang ilaw.,1,,Press the green button and the light will open.
Pista bukas.,0,,Festival tomorrow.
Plano namin na ianunsyo bukas ang mga detalye tungkol sa aming plano.,0,,We plan to announce the details about our plan open.
Posible na pupunta siya rito bukas.,0,,It is possible that he will come here tomorrow.
Pumarini ka at magkita tayo bukas.,0,,Let's go and see you tomorrow.
Pupunta sa aming lungsod ang bandang iyon bukas.,0,,That band will go to our city tomorrow.
Puwede ba akong magbukas ng isang lata?,1,,Can I open a can?
Puwede ba akong magbukas ng lata?,1,,Can I open a can?
Puwede ba kitang makita bukas?,0,,Can I see you tomorrow?
"Sa kinabukasan, baka may bagong ekolohiyang kinakabilangan ng halaman, hayop, tao, ibang buhay, at Artipisyal na Intelihensiya, AI.",0,,"In the future, there may be a new ecology of plants, animals, people, other lives, and artificial intelligence, AI."
"Sa kinabukasan, puwede kayang ilipat ang isip ng tao sa makina? Kung ganoon, maaaring magbiyahe ang isip sa kalawakan.",0,,"In the future, can the human mind move to the machine? If so, the mind can travel to space."
Sa tingin mo may magandang panahon tayo bukas?,0,,Do you think we have a good time tomorrow?
"Sabado bukas, ikalima ng Pebrero, taong 2011.",0,,"Saturday tomorrow, fifth of February, 2011."
"Sabi sa balita, babagyo raw bukas.",0,,"According to the news, it will be open tomorrow."
"Sabi sa mga diyaryo, uulan daw ng niyebe bukas.",0,,"According to the newspapers, it is raining for snow tomorrow."
"Sabi sa radyo, uulan daw bukas.",0,,"According to the radio, it rains tomorrow."
Sasabihin ko sana sa iyo bukas.,0,,I'll tell you tomorrow.
Sasakay ako ng eroplano papuntang Hanoi bukas.,0,,I'll board a plane to Hanoi tomorrow.
Si Judy ay magsasalita tungkol sa Hapon bukas.,0,,Judy will talk about the afternoon tomorrow.
Si Tom ay nagriribyu para sa kanyang eksamen bukas.,0,,Tom is dating for his exam tomorrow.
Simula bukas hindi na ako maninigarilyo.,0,,From tomorrow I will not smoke anymore.
Sinabi ni Tom kay Mary na puwede siya bukas.,0,,Tom tells Mary that he can be tomorrow.
Sinabi ni Tom na hindi aalis si Mary bukas ng umaga.,0,,Tom says Mary will not leave tomorrow morning.
Sino ang magbabantay sa aso 'nyo bukas?,0,,Who will watch your dog tomorrow?
Sino ang magbabantay sa aso mo bukas?,0,,Who will watch over your dog tomorrow?
Sino ang magbabantay sa aso ninyo bukas?,0,,Who will watch over your dog tomorrow?
Siya ba ay pwedeng pumunta sa pulong bukas?,0,,Can he go to the meeting tomorrow?
"Sobrang abala ako, kaya malamang hindi ako makakapunta bukas.",0,,"I was so busy, so I probably won't be able to go tomorrow."
Susulatan ko si Tom bukas.,0,,I'll write Tom tomorrow.
"Tapos na ang Halloween at Día de los Muertos. Ika-3 ng Nobyembre ng 2023 ngayong maulap na umaga. Lakad ako papuntang Istarbak dito sa Isla Lulu. Nasa matangkad na silya ako sa bar, habang umiinom ng gingerbread na abenang chai. Punong-puno nang tao. Tapos, naglakad akong mas malayo sa parkeng madamo at may mga puno. Mamaya pa, mga alas 10 nang umaga, nasa pizzeria ako para kolang pangdiyeta. Sa ibang tema, iniisip kong hindi importanteng wala akong mga anak, dahil sa tingin ko'y ang kinabukasan ay baka magiging posthumano, o kaya pa postbiyolohiko. Sa pinakamagaling na kaso, ang tao'y baka magiging parang mga pusa at mga aso ng mga makina.",0,,"Halloween and Día de los Muertos are over. November 3rd of 2023 this cloudy morning. I walk to the sting here on Isla Lulu. I was in a tall chair at the bar, while drinking Gingerbread Chai. He is full of people. Then, I walked farther away from the park and there were trees. Later, about 10am, I was in pizzeria for a diet. In other themes, I don't think it is important that I have no children, because I think the future may be posthumano, or postbiological. In the best case, people may be like cats and dogs of machines."
Tatanungin ko siya bukas tungkol dito.,0,,I'll ask her tomorrow about it.
Tatawag ako bukas pagkauwi ko.,0,,I'll call tomorrow when I get home.
Tatawagin ko sila bukas pagkabalik ko.,0,,I'll call them tomorrow when I get back.
Tatlong bata ang nagbukas ng pintuan ng gusali.,1,,Three children opened the door of the building.
Tawagan mo ako bukas ng alas nuwebe.,0,,Call me tomorrow at six o'clock.
Tawagan mo ko bukas.,0,,Call me tomorrow.
Tawagan mo siya bukas.,0,,Call her tomorrow.
Tumunog ang kampana at nagbukas ang mga pintuan.,1,,The bell rang and the doors open.
Tumunog ang kampana at nagsibukasan ang mga pintuan.,1,,The bell rang and the doors were open.
Turuan mo akong maging bukas-palad.,1,,Teach me to be generous.
Tutulungan tayo ni Maria bukas.,0,,Mary will help us tomorrow.
Umaasa kaming maganda ang panahon bukas.,0,,We hope the weather is nice tomorrow.
Uulan bukas nang ganitong oras.,0,,It rains tomorrow at this time.
Uulan ng niyebe bukas.,0,,Snowy rains tomorrow.
Uuwi ako bukas.,0,,I'll be home tomorrow.
Uuwi ako sa bahay bukas.,0,,I'll be home tomorrow.
Uuwi si itay bukas.,0,,Dad will be home tomorrow.
Uuwi si tatay bukas.,0,,Dad will be home tomorrow.
Wala rin ako rito bukas.,0,,I'm not here tomorrow either.